year,species,band,beak_length,beak_depth
1975,fortis,2,9.4,8.0
1975,fortis,9,9.2,8.3
1975,fortis,12,9.5,7.5
1975,fortis,15,9.5,8.0
1975,fortis,305,11.5,9.9
1975,fortis,307,11.1,8.6
1975,fortis,308,9.9,8.4
1975,fortis,309,11.5,9.8
1975,fortis,311,10.8,9.2
1975,fortis,312,11.3,9.0
1975,fortis,313,11.5,9.5
1975,fortis,314,11.5,8.9
1975,fortis,315,9.7,8.8
1975,fortis,316,10.9,9.7
1975,fortis,316,10.9,9.85
1975,fortis,320,10.1,8.9
1975,fortis,321,10.6,8.5
1975,fortis,323,9.6,8.2
1975,fortis,324,10.3,9.3
1975,fortis,326,10.5,9.1
1975,fortis,328,10.5,8.8
1975,fortis,329,10.9,9.4
1975,fortis,330,11.2,9.6
1975,fortis,340,9.4,8.5
1975,fortis,341,10.1,8.1
1975,fortis,342,9.6,8.0
1975,fortis,343,10.5,9.7
1975,fortis,344,9.9,8.2
1975,fortis,345,9.9,8.4
1975,fortis,346,9.6,7.9
1975,fortis,347,10.7,9.3
1975,fortis,348,11.8,10.5
1975,fortis,349,10.2,9.7
1975,fortis,350,10.9,9.6
1975,fortis,352,9.3,7.7
1975,fortis,354,11.6,9.8
1975,fortis,355,11.2,9.8
1975,fortis,356,10.1,8.5
1975,fortis,360,10.7,9.2
1975,fortis,366,11.0,10.1
1975,fortis,368,10.8,9.0
1975,fortis,369,10.2,9.0
1975,fortis,401,10.8,9.4
1975,fortis,402,10.4,8.8
1975,fortis,403,11.2,9.9
1975,fortis,405,11.4,9.9
1975,fortis,410,10.9,8.9
1975,fortis,411,10.4,9.4
1975,fortis,413,9.7,8.2
1975,fortis,414,10.2,8.2
1975,fortis,415,9.2,8.1
1975,fortis,416,10.1,8.4
1975,fortis,417,11.0,10.1
1975,fortis,418,10.3,8.6
1975,fortis,419,10.2,8.5
1975,fortis,420,11.0,9.7
1975,fortis,422,11.0,10.3
1975,fortis,423,10.1,8.6
1975,fortis,424,10.7,9.3
1975,fortis,425,10.7,8.9
1975,fortis,426,11.0,9.7
1975,fortis,427,12.0,10.2
1975,fortis,428,11.6,10.2
1975,fortis,450,9.9,8.5
1975,fortis,451,10.8,8.8
1975,fortis,452,10.5,8.9
1975,fortis,453,10.0,8.7
1975,fortis,454,9.6,9.3
1975,fortis,455,11.0,9.7
1975,fortis,456,10.2,9.6
1975,fortis,457,9.7,7.85
1975,fortis,458,11.1,9.6
1975,fortis,459,10.4,9.3
1975,fortis,461,11.1,9.8
1975,fortis,462,10.2,8.8
1975,fortis,463,10.3,9.1
1975,fortis,465,9.9,9.0
1975,fortis,466,11.0,10.4
1975,fortis,468,10.8,9.0
1975,fortis,473,10.5,9.5
1975,fortis,474,10.5,8.7
1975,fortis,475,11.2,9.6
1975,fortis,476,11.2,9.4
1975,fortis,477,11.7,9.5
1975,fortis,479,10.5,8.6
1975,fortis,501,10.5,9.9
1975,fortis,502,11.2,9.4
1975,fortis,503,10.0,9.1
1975,fortis,504,10.4,8.6
1975,fortis,505,10.8,9.3
1975,fortis,506,11.1,9.2
1975,fortis,507,10.3,8.8
1975,fortis,509,11.1,9.2
1975,fortis,510,9.8,8.3
1975,fortis,511,10.5,8.8
1975,fortis,512,11.0,9.4
1975,fortis,513,11.2,10.4
1975,fortis,514,9.8,8.5
1975,fortis,515,9.8,7.9
1975,fortis,516,9.8,7.9
1975,fortis,517,10.3,10.1
1975,fortis,518,11.3,9.8
1975,fortis,519,10.0,8.3
1975,fortis,520,11.1,9.4
1975,fortis,521,10.0,9.0
1975,fortis,522,10.3,8.4
1975,fortis,524,10.2,8.7
1975,fortis,526,10.4,9.2
1975,fortis,527,11.0,9.5
1975,fortis,528,11.5,10.1
1975,fortis,529,11.8,9.8
1975,fortis,560,10.2,8.5
1975,fortis,561,11.7,10.2
1975,fortis,563,10.1,8.6
1975,fortis,564,10.2,9.3
1975,fortis,565,9.8,8.7
1975,fortis,566,10.6,8.9
1975,fortis,567,10.0,8.4
1975,fortis,572,12.1,10.3
1975,fortis,574,11.1,9.9
1975,fortis,576,10.5,8.9
1975,fortis,578,10.0,9.1
1975,fortis,579,10.2,8.6
1975,fortis,601,9.7,7.8
1975,fortis,602,10.0,8.6
1975,fortis,603,10.7,9.5
1975,fortis,604,11.0,9.5
1975,fortis,605,10.9,10.2
1975,fortis,606,10.5,9.1
1975,fortis,607,10.9,9.7
1975,fortis,608,10.7,9.4
1975,fortis,609,11.9,10.5
1975,fortis,610,10.2,9.0
1975,fortis,611,10.5,9.8
1975,fortis,615,11.2,10.0
1975,fortis,616,10.7,9.6
1975,fortis,617,10.3,9.6
1975,fortis,618,11.6,9.9
1975,fortis,619,10.5,9.3
1975,fortis,620,10.9,9.6
1975,fortis,621,9.8,7.6
1975,fortis,622,10.9,9.2
1975,fortis,623,10.3,8.8
1975,fortis,624,11.7,10.1
1975,fortis,625,11.0,8.9
1975,fortis,626,9.8,9.5
1975,fortis,627,10.4,8.2
1975,fortis,628,10.8,9.7
1975,fortis,629,11.0,9.8
1975,fortis,670,10.6,9.3
1975,fortis,671,11.3,9.8
1975,fortis,672,10.1,8.8
1975,fortis,673,11.4,10.1
1975,fortis,674,11.8,10.5
1975,fortis,675,9.9,8.6
1975,fortis,676,11.0,9.7
1975,fortis,677,10.8,10.0
1975,fortis,678,11.3,9.7
1975,fortis,679,11.1,10.5
1975,fortis,680,11.0,10.4
1975,fortis,681,10.4,9.2
1975,fortis,682,9.1,8.1
1975,fortis,683,10.8,9.4
1975,fortis,684,10.6,8.9
1975,fortis,685,8.7,8.2
1975,fortis,686,10.7,9.3
1975,fortis,687,10.3,8.6
1975,fortis,688,10.5,9.0
1975,fortis,689,9.1,7.6
1975,fortis,701,9.5,8.7
1975,fortis,702,10.8,9.8
1975,fortis,703,10.6,9.4
1975,fortis,704,9.9,9.9
1975,fortis,705,11.5,10.1
1975,fortis,706,11.2,9.8
1975,fortis,707,9.7,7.9
1975,fortis,708,12.2,10.8
1975,fortis,709,9.2,7.9
1975,fortis,710,10.5,10.0
1975,fortis,711,10.5,8.4
1975,fortis,712,10.8,9.5
1975,fortis,713,10.7,8.8
1975,fortis,714,11.8,10.4
1975,fortis,715,9.1,8.1
1975,fortis,716,10.1,9.8
1975,fortis,717,10.0,8.2
1975,fortis,719,11.0,9.5
1975,fortis,720,12.2,10.5
1975,fortis,721,11.4,9.7
1975,fortis,723,10.9,9.6
1975,fortis,725,10.6,9.6
1975,fortis,726,9.3,7.9
1975,fortis,780,10.9,10.1
1975,fortis,781,10.6,9.3
1975,fortis,785,11.0,10.3
1975,fortis,786,9.0,7.9
1975,fortis,787,11.0,9.1
1975,fortis,788,10.4,8.9
1975,fortis,789,10.4,8.3
1975,fortis,790,9.6,9.4
1975,fortis,801,10.6,9.5
1975,fortis,802,10.1,8.5
1975,fortis,803,9.7,8.6
1975,fortis,804,9.6,8.5
1975,fortis,805,10.1,8.2
1975,fortis,807,9.9,7.9
1975,fortis,808,11.0,10.0
1975,fortis,809,10.9,9.4
1975,fortis,810,9.7,8.0
1975,fortis,811,10.0,8.6
1975,fortis,812,10.4,9.0
1975,fortis,813,11.6,9.9
1975,fortis,814,9.6,8.0
1975,fortis,815,10.8,9.6
1975,fortis,817,10.9,9.2
1975,fortis,818,10.2,9.0
1975,fortis,818,10.2,9.0
1975,fortis,819,10.4,9.2
1975,fortis,820,11.0,9.5
1975,fortis,821,10.7,9.2
1975,fortis,822,11.1,9.7
1975,fortis,823,10.8,9.1
1975,fortis,824,10.9,9.4
1975,fortis,825,9.9,8.6
1975,fortis,826,11.8,9.8
1975,fortis,827,9.7,8.0
1975,fortis,828,11.9,10.4
1975,fortis,829,9.6,8.1
1975,fortis,830,10.9,9.9
1975,fortis,831,10.2,8.6
1975,fortis,891,9.9,8.0
1975,fortis,892,11.3,9.0
1975,fortis,893,10.9,9.7
1975,fortis,894,9.8,8.1
1975,fortis,895,10.3,8.8
1975,fortis,896,8.8,7.5
1975,fortis,897,11.6,10.2
1975,fortis,898,9.9,8.2
1975,fortis,899,9.9,8.6
1975,fortis,900,9.9,8.7
1975,fortis,902,10.4,8.6
1975,fortis,903,11.2,9.9
1975,fortis,904,10.8,9.5
1975,fortis,905,9.9,8.4
1975,fortis,906,9.9,8.7
1975,fortis,907,10.2,8.2
1975,fortis,908,10.4,9.2
1975,fortis,909,9.4,8.2
1975,fortis,910,10.2,9.2
1975,fortis,911,11.0,9.3
1975,fortis,912,10.6,8.9
1975,fortis,913,10.5,9.0
1975,fortis,914,10.4,9.1
1975,fortis,915,10.2,8.8
1975,fortis,917,10.2,8.8
1975,fortis,919,11.0,9.6
1975,fortis,921,11.1,10.2
1975,fortis,922,9.7,8.2
1975,fortis,923,10.5,8.9
1975,fortis,924,10.9,9.0
1975,fortis,925,10.7,8.8
1975,fortis,926,11.0,9.9
1975,fortis,927,10.9,9.3
1975,fortis,928,11.2,9.9
1975,fortis,929,11.5,9.5
1975,fortis,930,10.8,10.0
1975,fortis,931,10.2,8.9
1975,fortis,932,11.0,9.8
1975,fortis,933,10.9,9.9
1975,fortis,934,10.5,8.7
1975,fortis,936,10.8,9.2
1975,fortis,941,9.8,8.2
1975,fortis,942,9.7,7.9
1975,fortis,943,10.3,9.1
1975,fortis,944,10.3,8.3
1975,fortis,944,10.3,8.3
1975,fortis,945,11.6,10.8
1975,fortis,945,11.6,10.8
1975,fortis,951,10.9,9.9
1975,fortis,952,10.6,9.0
1975,fortis,954,11.5,9.3
1975,fortis,991,10.8,9.6
1975,fortis,1040,10.83,9.3
1975,fortis,1368,11.73,10.2
1975,fortis,1420,10.23,8.6
1975,fortis,1433,11.83,10.98
1975,fortis,1560,11.43,10.28
1975,fortis,1581,10.73,9.6
1975,fortis,1770,10.33,9.28
1975,fortis,1857,10.23,9.5
1975,fortis,1860,11.53,9.4
1975,fortis,1884,11.03,9.15
1975,fortis,2102,11.73,9.8
1975,fortis,2105,10.53,9.35
1975,fortis,2220,9.93,8.5
1975,fortis,2381,11.23,10.5
1975,fortis,2482,9.83,8.5
1975,fortis,2939,9.63,8.31
1975,fortis,2955,10.6,9.9
1975,fortis,2974,11.88,10.36
1975,fortis,3642,11.03,10.28
1975,fortis,8016,10.73,8.9
1975,fortis,8020,10.13,8.7
1975,fortis,20139,10.15,9.15
1975,fortis,20165,10.85,10.35
1975,fortis,20166,10.95,8.85
1975,fortis,20168,9.85,8.55
1975,fortis,20204,10.25,8.95
1975,fortis,20238,11.75,10.75
1975,fortis,20267,10.95,10.05
1975,fortis,20273,10.95,10.15
1975,fortis,20283,10.55,8.45
1975,fortis,20285,9.65,8.85
1975,fortis,20286,11.45,10.25
1975,fortis,20293,10.25,9.75
1975,fortis,20298,10.05,8.95
1975,scandens,302,13.9,8.4
1975,scandens,304,14.0,8.8
1975,scandens,306,12.9,8.4
1975,scandens,310,13.5,8.0
1975,scandens,317,12.9,7.9
1975,scandens,318,14.6,8.9
1975,scandens,319,13.0,8.6
1975,scandens,322,14.2,8.5
1975,scandens,325,14.0,8.9
1975,scandens,327,14.2,9.1
1975,scandens,351,13.1,8.6
1975,scandens,353,15.1,9.8
1975,scandens,357,13.5,8.2
1975,scandens,358,14.4,9.0
1975,scandens,359,14.9,9.7
1975,scandens,361,12.9,8.6
1975,scandens,362,13.0,8.2
1975,scandens,363,14.9,9.0
1975,scandens,364,14.0,8.4
1975,scandens,365,13.8,8.6
1975,scandens,367,13.0,8.9
1975,scandens,404,14.75,9.1
1975,scandens,406,13.7,8.3
1975,scandens,407,13.8,8.7
1975,scandens,408,14.0,9.6
1975,scandens,409,14.6,8.5
1975,scandens,412,15.2,9.1
1975,scandens,421,13.5,9.0
1975,scandens,429,15.1,9.2
1975,scandens,460,15.0,9.9
1975,scandens,464,12.8,8.6
1975,scandens,467,14.9,9.2
1975,scandens,469,15.3,8.4
1975,scandens,470,13.4,8.9
1975,scandens,471,14.2,8.5
1975,scandens,472,15.1,10.4
1975,scandens,478,15.1,9.6
1975,scandens,508,14.0,9.1
1975,scandens,523,13.6,9.3
1975,scandens,525,14.0,9.3
1975,scandens,562,14.0,8.8
1975,scandens,568,13.9,8.3
1975,scandens,569,14.0,8.8
1975,scandens,570,14.9,9.1
1975,scandens,571,15.6,10.1
1975,scandens,573,13.8,8.9
1975,scandens,575,14.4,9.2
1975,scandens,577,12.8,8.5
1975,scandens,612,14.2,10.2
1975,scandens,613,13.4,10.1
1975,scandens,614,14.0,9.2
1975,scandens,718,14.8,9.7
1975,scandens,722,14.2,9.1
1975,scandens,724,13.5,8.5
1975,scandens,727,13.4,8.2
1975,scandens,728,14.6,9.0
1975,scandens,729,13.5,9.3
1975,scandens,782,13.7,8.0
1975,scandens,783,13.9,9.1
1975,scandens,784,13.1,8.1
1975,scandens,806,13.4,8.3
1975,scandens,816,13.8,8.7
1975,scandens,890,13.6,8.8
1975,scandens,901,14.0,8.6
1975,scandens,916,13.5,8.7
1975,scandens,918,12.8,8.0
1975,scandens,920,14.0,8.8
1975,scandens,935,13.4,9.0
1975,scandens,953,14.9,9.1
1975,scandens,1014,15.54,9.74
1975,scandens,1642,14.63,9.1
1975,scandens,1748,14.73,9.8
1975,scandens,1841,15.73,10.4
1975,scandens,1842,14.83,8.3
1975,scandens,2084,15.94,9.44
1975,scandens,2397,15.14,9.04
1975,scandens,8110,14.23,9.0
1975,scandens,20122,14.15,9.05
1975,scandens,20151,14.35,9.65
1975,scandens,20188,14.95,9.45
1975,scandens,20210,13.95,8.65
1975,scandens,20223,14.05,9.45
1975,scandens,20225,14.55,9.45
1975,scandens,20252,14.05,9.05
1975,scandens,20255,14.45,8.75
1975,scandens,20266,15.05,9.45
1975,scandens,20279,13.25,8.35
1987,fortis,14613,9.1,7.0
1987,fortis,15487,9.14,7.12
1987,fortis,15187,9.24,7.21
1987,fortis,15284,9.2,7.3
1987,fortis,14983,8.83,7.32
1987,fortis,14913,9.14,7.41
1987,fortis,15726,9.04,7.42
1987,fortis,15821,10.56,7.43
1987,fortis,15484,9.7,7.45
1987,fortis,4968,9.25,7.5
1987,fortis,15695,9.5,7.5
1987,fortis,15272,9.34,7.51
1987,fortis,15256,9.64,7.51
1987,fortis,13907,9.04,7.64
1987,fortis,5578,9.8,7.65
1987,fortis,10376,9.28,7.68
1987,fortis,13377,9.5,7.7
1987,fortis,15225,10.8,7.8
1987,fortis,15914,9.24,7.81
1987,fortis,14760,10.24,7.81
1987,fortis,15779,9.74,7.86
1987,fortis,13901,9.2,7.9
1987,fortis,15277,9.95,7.9
1987,fortis,15285,9.34,7.92
1987,fortis,13194,9.35,7.92
1987,fortis,14967,10.1,7.92
1987,fortis,14800,9.96,7.93
1987,fortis,14612,9.27,7.95
1987,fortis,15154,9.4,7.95
1987,fortis,14123,9.68,7.96
1987,fortis,15368,10.19,7.97
1987,fortis,15873,10.0,8.0
1987,fortis,16027,10.25,8.0
1987,fortis,15353,11.3,8.0
1987,fortis,14265,9.83,8.02
1987,fortis,15014,11.04,8.02
1987,fortis,14969,10.16,8.03
1987,fortis,5627,10.74,8.03
1987,fortis,15973,10.19,8.06
1987,fortis,13468,9.46,8.09
1987,fortis,15214,9.5,8.1
1987,fortis,14978,9.7,8.1
1987,fortis,15909,10.0,8.1
1987,fortis,13996,10.05,8.1
1987,fortis,13543,10.3,8.1
1987,fortis,14634,10.5,8.1
1987,fortis,15804,9.94,8.11
1987,fortis,15493,10.04,8.11
1987,fortis,15363,10.24,8.11
1987,fortis,15286,9.2,8.2
1987,fortis,15019,9.3,8.2
1987,fortis,16112,10.04,8.21
1987,fortis,15270,10.34,8.21
1987,fortis,15874,10.34,8.21
1987,fortis,16007,10.04,8.22
1987,fortis,14860,9.86,8.23
1987,fortis,10313,9.73,8.24
1987,fortis,15490,9.45,8.25
1987,fortis,15106,10.0,8.25
1987,fortis,13539,9.78,8.27
1987,fortis,14912,9.64,8.28
1987,fortis,13244,9.8,8.3
1987,fortis,14822,10.0,8.3
1987,fortis,14909,10.0,8.3
1987,fortis,15944,10.8,8.3
1987,fortis,16170,9.64,8.31
1987,fortis,15477,10.14,8.31
1987,fortis,15111,10.24,8.31
1987,fortis,14686,10.74,8.31
1987,fortis,15915,10.74,8.31
1987,fortis,15759,11.14,8.31
1987,fortis,15850,11.24,8.31
1987,fortis,15977,9.84,8.32
1987,fortis,14632,9.86,8.33
1987,fortis,14982,9.96,8.33
1987,fortis,13306,10.57,8.34
1987,fortis,13351,10.0,8.35
1987,fortis,15288,10.95,8.35
1987,fortis,15079,9.89,8.36
1987,fortis,15402,9.99,8.36
1987,fortis,15248,9.1,8.4
1987,fortis,13881,9.8,8.4
1987,fortis,15879,9.85,8.4
1987,fortis,4830,10.0,8.4
1987,fortis,15679,10.0,8.4
1987,fortis,15806,10.0,8.4
1987,fortis,5887,10.18,8.4
1987,fortis,15845,10.4,8.4
1987,fortis,14890,10.9,8.4
1987,fortis,15875,10.04,8.41
1987,fortis,15381,10.14,8.41
1987,fortis,15382,10.24,8.41
1987,fortis,15453,10.54,8.41
1987,fortis,5555,9.04,8.42
1987,fortis,15127,9.24,8.42
1987,fortis,14628,10.06,8.43
1987,fortis,15379,10.26,8.43
1987,fortis,14939,10.2,8.45
1987,fortis,10100,10.93,8.45
1987,fortis,16172,10.64,8.47
1987,fortis,15188,10.74,8.47
1987,fortis,14611,9.4,8.5
1987,fortis,14025,9.55,8.5
1987,fortis,14970,9.8,8.5
1987,fortis,15970,9.83,8.5
1987,fortis,10760,10.0,8.5
1987,fortis,15706,10.0,8.5
1987,fortis,14762,10.3,8.5
1987,fortis,15829,10.6,8.5
1987,fortis,14743,11.5,8.5
1987,fortis,15933,10.24,8.51
1987,fortis,14836,10.5,8.51
1987,fortis,15940,10.84,8.51
1987,fortis,15995,9.94,8.52
1987,fortis,14704,10.36,8.53
1987,fortis,5685,9.8,8.55
1987,fortis,14833,10.09,8.56
1987,fortis,1536,9.8,8.6
1987,fortis,15163,9.9,8.6
1987,fortis,5556,10.0,8.6
1987,fortis,14902,10.0,8.6
1987,fortis,15342,10.0,8.6
1987,fortis,14894,10.1,8.6
1987,fortis,15761,11.3,8.6
1987,fortis,5628,12.0,8.6
1987,fortis,15497,10.14,8.61
1987,fortis,14932,10.34,8.61
1987,fortis,15374,10.34,8.61
1987,fortis,15175,10.54,8.61
1987,fortis,15724,10.54,8.61
1987,fortis,15680,10.94,8.61
1987,fortis,14827,11.04,8.61
1987,fortis,15296,11.14,8.61
1987,fortis,15711,11.14,8.61
1987,fortis,10066,11.24,8.61
1987,fortis,15322,12.14,8.61
1987,fortis,15262,9.94,8.62
1987,fortis,14840,9.95,8.62
1987,fortis,4229,10.05,8.62
1987,fortis,13195,10.35,8.62
1987,fortis,14829,10.86,8.63
1987,fortis,13994,10.18,8.64
1987,fortis,15464,9.45,8.65
1987,fortis,15865,10.19,8.66
1987,fortis,14831,10.84,8.66
1987,fortis,13269,9.4,8.7
1987,fortis,15184,9.5,8.7
1987,fortis,14096,9.8,8.7
1987,fortis,15245,9.85,8.7
1987,fortis,15143,10.0,8.7
1987,fortis,15712,10.1,8.7
1987,fortis,4715,10.4,8.7
1987,fortis,14832,10.45,8.7
1987,fortis,15757,10.57,8.7
1987,fortis,14694,10.8,8.7
1987,fortis,15388,10.9,8.7
1987,fortis,15224,11.4,8.7
1987,fortis,15018,9.64,8.71
1987,fortis,15981,10.04,8.71
1987,fortis,15228,10.24,8.71
1987,fortis,15663,10.44,8.71
1987,fortis,15983,10.54,8.71
1987,fortis,10198,10.64,8.71
1987,fortis,15657,10.84,8.71
1987,fortis,15990,10.94,8.71
1987,fortis,15123,11.14,8.71
1987,fortis,15855,11.14,8.71
1987,fortis,15005,11.29,8.71
1987,fortis,15617,11.79,8.71
1987,fortis,14880,9.84,8.72
1987,fortis,14742,11.15,8.72
1987,fortis,15080,9.76,8.73
1987,fortis,15273,10.06,8.73
1987,fortis,4859,10.87,8.73
1987,fortis,14767,11.86,8.73
1987,fortis,5602,10.83,8.74
1987,fortis,15978,10.39,8.76
1987,fortis,15246,10.64,8.76
1987,fortis,15264,9.7,8.77
1987,fortis,14867,10.09,8.77
1987,fortis,13687,10.67,8.77
1987,fortis,15306,10.95,8.77
1987,fortis,10347,9.96,8.79
1987,fortis,15420,9.7,8.8
1987,fortis,16016,9.97,8.8
1987,fortis,14042,10.1,8.8
1987,fortis,14797,10.37,8.8
1987,fortis,14761,10.9,8.8
1987,fortis,14858,10.9,8.8
1987,fortis,2749,11.1,8.8
1987,fortis,15244,11.15,8.8
1987,fortis,5872,11.8,8.8
1987,fortis,14680,10.14,8.81
1987,fortis,14763,10.19,8.81
1987,fortis,14892,10.24,8.81
1987,fortis,15176,10.24,8.81
1987,fortis,14795,10.54,8.81
1987,fortis,15040,10.54,8.81
1987,fortis,15733,10.54,8.81
1987,fortis,15367,10.74,8.81
1987,fortis,14535,11.24,8.81
1987,fortis,15268,11.24,8.81
1987,fortis,15883,10.05,8.82
1987,fortis,15220,10.24,8.82
1987,fortis,15430,10.94,8.82
1987,fortis,15404,10.59,8.86
1987,fortis,14841,9.9,8.87
1987,fortis,15313,10.04,8.87
1987,fortis,14868,10.35,8.87
1987,fortis,13385,11.2,8.87
1987,fortis,15301,11.8,8.88
1987,fortis,5626,11.1,8.89
1987,fortis,14928,10.0,8.9
1987,fortis,5965,10.1,8.9
1987,fortis,15182,10.1,8.9
1987,fortis,16162,10.13,8.9
1987,fortis,13582,10.2,8.9
1987,fortis,14811,10.33,8.9
1987,fortis,5669,10.4,8.9
1987,fortis,10703,10.4,8.9
1987,fortis,14684,10.7,8.9
1987,fortis,14809,10.7,8.9
1987,fortis,10548,10.9,8.9
1987,fortis,15387,10.9,8.9
1987,fortis,5721,11.1,8.9
1987,fortis,14808,11.6,8.9
1987,fortis,15223,11.6,8.9
1987,fortis,15795,11.8,8.9
1987,fortis,15274,10.44,8.91
1987,fortis,14664,10.54,8.91
1987,fortis,15854,10.64,8.91
1987,fortis,15941,10.74,8.91
1987,fortis,14258,10.76,8.91
1987,fortis,15852,10.79,8.91
1987,fortis,15132,10.84,8.91
1987,fortis,15659,11.04,8.91
1987,fortis,15431,11.29,8.91
1987,fortis,15378,11.84,8.91
1987,fortis,14749,10.04,8.92
1987,fortis,14533,11.1,8.92
1987,fortis,15348,11.2,8.92
1987,fortis,14636,10.76,8.93
1987,fortis,14671,10.76,8.93
1987,fortis,13575,11.0,8.93
1987,fortis,14685,11.46,8.93
1987,fortis,2639,10.3,8.95
1987,fortis,14478,10.9,8.95
1987,fortis,14681,9.94,8.96
1987,fortis,15630,10.24,8.96
1987,fortis,15229,10.99,8.96
1987,fortis,15337,10.47,8.97
1987,fortis,15332,10.7,8.97
1987,fortis,5330,12.21,8.97
1987,fortis,14403,10.35,8.98
1987,fortis,15232,10.52,8.98
1987,fortis,5554,10.0,9.0
1987,fortis,15054,10.3,9.0
1987,fortis,15157,10.6,9.0
1987,fortis,15488,10.75,9.0
1987,fortis,15241,10.8,9.0
1987,fortis,14915,11.0,9.0
1987,fortis,14788,12.0,9.0
1987,fortis,14846,10.04,9.01
1987,fortis,15631,10.24,9.01
1987,fortis,15715,10.24,9.01
1987,fortis,15496,10.34,9.01
1987,fortis,15758,10.34,9.01
1987,fortis,15791,10.64,9.01
1987,fortis,15311,11.24,9.01
1987,fortis,15684,11.54,9.01
1987,fortis,15785,11.54,9.01
1987,fortis,15465,10.74,9.02
1987,fortis,14712,11.04,9.02
1987,fortis,15230,10.1,9.03
1987,fortis,15318,10.76,9.03
1987,fortis,14356,10.04,9.04
1987,fortis,5389,10.27,9.04
1987,fortis,10232,10.87,9.04
1987,fortis,4936,10.0,9.05
1987,fortis,5587,10.35,9.05
1987,fortis,14741,11.04,9.06
1987,fortis,13486,9.98,9.07
1987,fortis,13579,10.03,9.07
1987,fortis,15822,10.49,9.07
1987,fortis,15412,10.5,9.07
1987,fortis,15153,10.57,9.07
1987,fortis,15055,10.8,9.07
1987,fortis,14669,11.34,9.07
1987,fortis,15863,11.69,9.07
1987,fortis,10102,10.98,9.08
1987,fortis,14883,11.51,9.08
1987,fortis,13522,9.66,9.09
1987,fortis,10685,10.46,9.09
1987,fortis,14872,9.7,9.1
1987,fortis,15333,10.5,9.1
1987,fortis,14765,10.6,9.1
1987,fortis,15389,10.83,9.1
1987,fortis,13932,10.9,9.1
1987,fortis,13365,11.3,9.1
1987,fortis,15066,11.4,9.1
1987,fortis,14723,12.0,9.1
1987,fortis,14659,10.24,9.11
1987,fortis,16111,10.24,9.11
1987,fortis,15011,10.34,9.11
1987,fortis,15047,10.35,9.11
1987,fortis,15781,10.89,9.11
1987,fortis,14826,10.9,9.11
1987,fortis,15499,11.04,9.11
1987,fortis,15065,11.09,9.11
1987,fortis,15832,11.14,9.11
1987,fortis,15934,11.14,9.11
1987,fortis,14784,11.34,9.11
1987,fortis,15611,11.34,9.11
1987,fortis,15325,11.54,9.11
1987,fortis,14672,10.54,9.12
1987,fortis,14347,10.63,9.12
1987,fortis,15105,10.85,9.12
1987,fortis,15233,10.85,9.12
1987,fortis,14838,10.95,9.12
1987,fortis,15359,11.04,9.12
1987,fortis,5828,11.25,9.12
1987,fortis,14824,11.25,9.12
1987,fortis,15048,10.46,9.13
1987,fortis,15321,11.96,9.13
1987,fortis,5817,10.49,9.14
1987,fortis,13690,10.73,9.14
1987,fortis,5507,11.07,9.14
1987,fortis,5858,10.45,9.15
1987,fortis,16089,10.65,9.15
1987,fortis,5718,10.71,9.15
1987,fortis,15408,11.2,9.15
1987,fortis,14692,11.25,9.15
1987,fortis,15027,10.37,9.17
1987,fortis,14518,10.72,9.17
1987,fortis,13389,12.22,9.19
1987,fortis,14871,9.5,9.2
1987,fortis,14041,10.0,9.2
1987,fortis,15126,10.2,9.2
1987,fortis,15369,10.4,9.2
1987,fortis,5826,10.55,9.2
1987,fortis,14100,10.6,9.2
1987,fortis,15125,10.6,9.2
1987,fortis,5927,10.7,9.2
1987,fortis,10213,10.7,9.2
1987,fortis,14062,10.7,9.2
1987,fortis,14879,10.7,9.2
1987,fortis,14854,10.75,9.2
1987,fortis,15056,10.8,9.2
1987,fortis,14652,10.9,9.2
1987,fortis,15450,10.9,9.2
1987,fortis,15601,10.9,9.2
1987,fortis,10023,11.0,9.2
1987,fortis,14921,11.3,9.2
1987,fortis,15926,11.9,9.2
1987,fortis,15151,10.24,9.21
1987,fortis,15263,10.39,9.21
1987,fortis,2833,10.63,9.21
1987,fortis,15707,10.84,9.21
1987,fortis,15454,11.14,9.21
1987,fortis,15409,11.24,9.21
1987,fortis,15985,11.24,9.21
1987,fortis,15215,11.34,9.21
1987,fortis,15261,11.34,9.21
1987,fortis,15903,12.14,9.21
1987,fortis,5725,11.03,9.22
1987,fortis,15772,11.04,9.22
1987,fortis,14605,11.2,9.22
1987,fortis,14696,11.06,9.23
1987,fortis,14701,11.16,9.23
1987,fortis,2737,10.21,9.24
1987,fortis,14124,10.97,9.24
1987,fortis,13708,11.83,9.24
1987,fortis,14732,10.9,9.25
1987,fortis,15710,11.0,9.25
1987,fortis,15727,11.0,9.25
1987,fortis,14679,10.5,9.27
1987,fortis,15396,10.63,9.27
1987,fortis,14956,10.85,9.27
1987,fortis,15373,11.45,9.27
1987,fortis,14901,10.1,9.3
1987,fortis,15247,10.3,9.3
1987,fortis,2738,10.4,9.3
1987,fortis,14279,10.5,9.3
1987,fortis,15399,10.6,9.3
1987,fortis,15130,10.9,9.3
1987,fortis,15174,10.9,9.3
1987,fortis,10183,11.0,9.3
1987,fortis,14471,11.0,9.3
1987,fortis,15289,11.15,9.3
1987,fortis,15428,11.15,9.3
1987,fortis,2537,11.3,9.3
1987,fortis,2666,12.81,9.3
1987,fortis,14896,10.09,9.31
1987,fortis,15971,10.84,9.31
1987,fortis,15189,10.94,9.31
1987,fortis,15500,11.04,9.31
1987,fortis,15820,11.04,9.31
1987,fortis,15474,11.14,9.31
1987,fortis,15938,11.14,9.31
1987,fortis,15987,11.14,9.31
1987,fortis,15463,11.24,9.31
1987,fortis,15746,11.24,9.31
1987,fortis,15801,11.24,9.31
1987,fortis,15739,11.34,9.31
1987,fortis,14643,10.95,9.32
1987,fortis,15310,10.66,9.33
1987,fortis,14770,10.96,9.33
1987,fortis,14792,10.96,9.33
1987,fortis,15191,11.56,9.33
1987,fortis,14744,10.4,9.35
1987,fortis,15950,10.6,9.35
1987,fortis,15788,10.75,9.35
1987,fortis,15376,10.9,9.35
1987,fortis,10716,10.73,9.37
1987,fortis,15155,11.2,9.37
1987,fortis,14874,9.9,9.4
1987,fortis,15326,10.0,9.4
1987,fortis,14629,10.2,9.4
1987,fortis,15238,10.4,9.4
1987,fortis,14705,10.5,9.4
1987,fortis,15838,11.1,9.4
1987,fortis,10826,11.2,9.4
1987,fortis,14171,11.3,9.4
1987,fortis,15346,11.8,9.4
1987,fortis,15426,10.34,9.41
1987,fortis,15633,11.24,9.41
1987,fortis,15709,11.44,9.41
1987,fortis,15904,11.54,9.41
1987,fortis,15323,12.04,9.41
1987,fortis,15152,10.94,9.42
1987,fortis,15605,11.1,9.42
1987,fortis,14546,11.67,9.42
1987,fortis,14923,13.57,9.42
1987,fortis,15129,10.61,9.43
1987,fortis,15165,10.66,9.43
1987,fortis,14641,10.96,9.43
1987,fortis,14794,10.96,9.43
1987,fortis,13409,11.21,9.43
1987,fortis,15110,11.55,9.43
1987,fortis,14884,11.96,9.43
1987,fortis,10330,10.67,9.44
1987,fortis,2658,10.8,9.44
1987,fortis,13552,11.3,9.44
1987,fortis,15482,10.8,9.45
1987,fortis,14900,11.0,9.45
1987,fortis,5635,11.51,9.45
1987,fortis,15929,11.6,9.45
1987,fortis,13704,10.67,9.47
1987,fortis,14766,10.77,9.47
1987,fortis,14940,11.3,9.47
1987,fortis,15308,11.55,9.47
1987,fortis,14823,11.6,9.47
1987,fortis,14722,12.15,9.47
1987,fortis,15613,10.4,9.5
1987,fortis,13644,10.5,9.5
1987,fortis,15360,10.5,9.5
1987,fortis,15939,10.5,9.5
1987,fortis,16168,10.5,9.5
1987,fortis,15395,10.8,9.5
1987,fortis,15885,10.8,9.5
1987,fortis,10081,10.9,9.5
1987,fortis,15648,10.9,9.5
1987,fortis,15734,10.9,9.5
1987,fortis,15398,11.0,9.5
1987,fortis,10670,11.1,9.5
1987,fortis,15041,11.1,9.5
1987,fortis,2862,11.15,9.5
1987,fortis,14675,11.2,9.5
1987,fortis,14687,11.5,9.5
1987,fortis,14957,11.8,9.5
1987,fortis,15447,12.9,9.5
1987,fortis,15042,11.04,9.51
1987,fortis,15028,11.14,9.51
1987,fortis,15642,11.14,9.51
1987,fortis,15329,11.24,9.51
1987,fortis,15660,11.24,9.51
1987,fortis,15714,11.24,9.51
1987,fortis,15767,11.64,9.51
1987,fortis,15316,11.84,9.51
1987,fortis,14948,10.7,9.52
1987,fortis,14621,11.2,9.52
1987,fortis,14720,12.0,9.52
1987,fortis,14937,11.36,9.53
1987,fortis,15131,11.86,9.53
1987,fortis,15616,12.16,9.53
1987,fortis,15840,10.85,9.55
1987,fortis,14893,11.0,9.55
1987,fortis,14958,11.29,9.56
1987,fortis,14676,11.0,9.57
1987,fortis,14839,11.94,9.57
1987,fortis,15370,12.25,9.57
1987,fortis,5335,11.96,9.59
1987,fortis,10751,10.0,9.6
1987,fortis,14713,10.4,9.6
1987,fortis,14615,10.7,9.6
1987,fortis,14825,10.7,9.6
1987,fortis,14040,10.8,9.6
1987,fortis,16117,10.8,9.6
1987,fortis,13075,10.85,9.6
1987,fortis,15339,10.9,9.6
1987,fortis,2847,11.0,9.6
1987,fortis,14916,11.1,9.6
1987,fortis,15390,11.15,9.6
1987,fortis,4843,11.17,9.6
1987,fortis,14492,11.2,9.6
1987,fortis,5560,11.3,9.6
1987,fortis,14678,11.5,9.6
1987,fortis,14866,11.7,9.6
1987,fortis,15612,11.9,9.6
1987,fortis,15158,12.1,9.6
1987,fortis,14793,9.14,9.61
1987,fortis,10194,11.02,9.61
1987,fortis,15949,11.04,9.61
1987,fortis,15475,11.24,9.61
1987,fortis,15722,11.24,9.61
1987,fortis,15210,11.44,9.61
1987,fortis,15839,11.44,9.61
1987,fortis,15908,11.44,9.61
1987,fortis,15049,11.54,9.61
1987,fortis,15764,11.54,9.61
1987,fortis,15667,10.84,9.62
1987,fortis,15004,10.5,9.63
1987,fortis,15293,10.86,9.63
1987,fortis,14774,11.06,9.63
1987,fortis,14842,11.15,9.63
1987,fortis,15969,11.26,9.63
1987,fortis,14790,11.36,9.63
1987,fortis,14887,12.16,9.63
1987,fortis,14677,11.6,9.65
1987,fortis,14710,11.65,9.65
1987,fortis,4378,10.64,9.66
1987,fortis,5586,10.2,9.67
1987,fortis,15197,11.04,9.67
1987,fortis,10550,11.88,9.69
1987,fortis,14917,10.3,9.7
1987,fortis,14816,10.7,9.7
1987,fortis,4899,10.87,9.7
1987,fortis,4911,11.0,9.7
1987,fortis,15196,11.0,9.7
1987,fortis,15607,11.0,9.7
1987,fortis,16173,11.13,9.7
1987,fortis,14751,11.2,9.7
1987,fortis,15113,11.2,9.7
1987,fortis,14688,11.3,9.7
1987,fortis,13807,11.4,9.7
1987,fortis,15001,11.4,9.7
1987,fortis,15239,11.04,9.71
1987,fortis,15212,11.14,9.71
1987,fortis,15753,11.14,9.71
1987,fortis,10228,11.24,9.71
1987,fortis,15644,11.24,9.71
1987,fortis,14609,11.29,9.71
1987,fortis,15655,10.34,9.72
1987,fortis,14617,11.14,9.72
1987,fortis,13837,11.58,9.72
1987,fortis,15172,11.84,9.72
1987,fortis,14670,12.44,9.72
1987,fortis,14736,10.96,9.73
1987,fortis,15012,11.46,9.73
1987,fortis,14807,11.67,9.73
1987,fortis,13945,10.43,9.74
1987,fortis,14412,10.73,9.74
1987,fortis,3569,10.94,9.74
1987,fortis,15857,11.94,9.76
1987,fortis,15478,11.1,9.77
1987,fortis,15930,12.05,9.77
1987,fortis,14739,10.81,9.78
1987,fortis,14633,11.29,9.78
1987,fortis,14674,10.5,9.8
1987,fortis,13201,10.7,9.8
1987,fortis,5026,10.9,9.8
1987,fortis,15193,10.9,9.8
1987,fortis,14746,11.0,9.8
1987,fortis,14963,11.0,9.8
1987,fortis,14971,11.0,9.8
1987,fortis,15385,11.1,9.8
1987,fortis,15015,11.2,9.8
1987,fortis,5505,11.4,9.8
1987,fortis,15621,11.6,9.8
1987,fortis,14987,11.7,9.8
1987,fortis,14820,11.8,9.8
1987,fortis,14889,11.8,9.8
1987,fortis,5504,11.9,9.8
1987,fortis,15302,12.3,9.8
1987,fortis,14942,11.19,9.81
1987,fortis,14856,11.24,9.81
1987,fortis,14849,11.34,9.81
1987,fortis,15203,11.49,9.81
1987,fortis,15670,11.64,9.81
1987,fortis,15371,11.74,9.81
1987,fortis,15856,11.74,9.81
1987,fortis,15377,10.94,9.82
1987,fortis,15979,11.04,9.82
1987,fortis,14796,11.15,9.82
1987,fortis,15145,11.3,9.82
1987,fortis,15058,10.96,9.83
1987,fortis,15692,11.16,9.83
1987,fortis,15033,11.26,9.83
1987,fortis,15255,12.1,9.83
1987,fortis,14620,10.7,9.85
1987,fortis,13781,12.3,9.85
1987,fortis,5625,10.94,9.86
1987,fortis,14783,11.39,9.86
1987,fortis,15053,12.01,9.86
1987,fortis,15150,10.94,9.87
1987,fortis,5921,11.2,9.87
1987,fortis,15358,11.34,9.87
1987,fortis,15383,11.7,9.87
1987,fortis,14886,11.86,9.88
1987,fortis,5570,10.8,9.9
1987,fortis,13975,11.0,9.9
1987,fortis,14930,11.2,9.9
1987,fortis,15433,11.3,9.9
1987,fortis,5400,11.5,9.9
1987,fortis,15473,11.5,9.9
1987,fortis,15124,11.7,9.9
1987,fortis,5614,11.8,9.9
1987,fortis,10305,11.82,9.9
1987,fortis,15148,11.9,9.9
1987,fortis,15849,12.0,9.9
1987,fortis,15665,11.14,9.91
1987,fortis,14955,11.74,9.91
1987,fortis,14721,11.84,9.91
1987,fortis,15682,12.24,9.91
1987,fortis,4721,10.95,9.92
1987,fortis,14660,11.14,9.92
1987,fortis,15355,11.84,9.92
1987,fortis,15653,11.84,9.92
1987,fortis,14711,12.05,9.92
1987,fortis,15281,12.17,9.92
1987,fortis,4190,11.04,9.93
1987,fortis,15650,11.06,9.93
1987,fortis,15112,11.16,9.93
1987,fortis,14974,11.46,9.93
1987,fortis,10080,11.1,9.95
1987,fortis,14943,11.85,9.95
1987,fortis,13760,10.67,9.96
1987,fortis,14689,11.2,9.96
1987,fortis,14117,10.6,10.0
1987,fortis,15674,10.6,10.0
1987,fortis,10679,10.9,10.0
1987,fortis,5963,11.0,10.0
1987,fortis,14818,11.0,10.0
1987,fortis,15749,11.0,10.0
1987,fortis,14781,11.1,10.0
1987,fortis,13231,11.13,10.0
1987,fortis,14174,11.2,10.0
1987,fortis,2776,11.3,10.0
1987,fortis,15140,11.3,10.0
1987,fortis,14745,11.5,10.0
1987,fortis,15951,11.5,10.0
1987,fortis,15291,11.7,10.0
1987,fortis,14752,11.9,10.0
1987,fortis,14772,12.0,10.0
1987,fortis,15603,12.8,10.0
1987,fortis,15062,11.44,10.01
1987,fortis,15003,11.94,10.01
1987,fortis,14961,11.84,10.02
1987,fortis,14346,11.93,10.02
1987,fortis,15073,10.66,10.03
1987,fortis,5860,11.55,10.05
1987,fortis,15681,12.29,10.06
1987,fortis,14817,11.5,10.07
1987,fortis,14618,11.16,10.08
1987,fortis,13300,11.06,10.09
1987,fortis,15183,11.2,10.1
1987,fortis,13413,11.3,10.1
1987,fortis,15897,11.6,10.1
1987,fortis,15249,11.7,10.1
1987,fortis,15199,11.34,10.11
1987,fortis,15920,11.44,10.11
1987,fortis,15099,11.49,10.11
1987,fortis,14865,11.74,10.11
1987,fortis,14333,11.03,10.12
1987,fortis,5789,11.28,10.12
1987,fortis,15309,11.45,10.12
1987,fortis,15317,11.84,10.12
1987,fortis,14895,10.96,10.13
1987,fortis,14738,11.26,10.13
1987,fortis,14926,12.66,10.13
1987,fortis,15448,13.96,10.13
1987,fortis,14812,11.05,10.15
1987,fortis,5960,11.4,10.15
1987,fortis,15461,11.44,10.16
1987,fortis,4677,11.02,10.17
1987,fortis,13595,11.4,10.17
1987,fortis,14656,11.9,10.17
1987,fortis,14657,10.25,10.2
1987,fortis,14992,11.0,10.2
1987,fortis,14777,11.6,10.2
1987,fortis,15304,12.3,10.2
1987,fortis,14619,11.54,10.21
1987,fortis,14753,11.54,10.21
1987,fortis,14650,11.74,10.21
1987,fortis,15315,11.74,10.21
1987,fortis,14627,10.86,10.23
1987,fortis,15295,11.96,10.23
1987,fortis,10658,11.15,10.27
1987,fortis,4946,11.42,10.27
1987,fortis,14655,11.33,10.29
1987,fortis,5731,10.8,10.3
1987,fortis,5559,11.0,10.3
1987,fortis,15338,11.1,10.3
1987,fortis,10622,11.3,10.3
1987,fortis,2984,11.4,10.3
1987,fortis,14851,11.4,10.3
1987,fortis,5060,11.8,10.3
1987,fortis,14003,11.8,10.32
1987,fortis,5844,11.83,10.32
1987,fortis,14805,11.06,10.33
1987,fortis,3527,11.79,10.33
1987,fortis,14919,11.87,10.33
1987,fortis,15830,12.27,10.33
1987,fortis,14468,11.83,10.34
1987,fortis,5847,11.93,10.34
1987,fortis,2753,10.89,10.35
1987,fortis,15471,11.6,10.35
1987,fortis,15609,11.8,10.35
1987,fortis,15444,12.85,10.35
1987,fortis,15025,11.29,10.37
1987,fortis,14873,11.6,10.4
1987,fortis,15101,11.7,10.4
1987,fortis,15458,11.9,10.4
1987,fortis,15037,12.0,10.4
1987,fortis,15171,12.0,10.4
1987,fortis,14925,12.75,10.4
1987,fortis,15411,12.24,10.41
1987,fortis,14616,11.65,10.42
1987,fortis,14922,11.76,10.43
1987,fortis,5905,11.86,10.43
1987,fortis,4993,11.44,10.45
1987,fortis,14662,11.0,10.5
1987,fortis,5904,11.1,10.5
1987,fortis,10181,11.1,10.5
1987,fortis,15702,11.7,10.5
1987,fortis,5543,11.8,10.5
1987,fortis,720,12.2,10.5
1987,fortis,15413,11.54,10.51
1987,fortis,15392,11.64,10.51
1987,fortis,15947,11.94,10.51
1987,fortis,15955,12.34,10.51
1987,fortis,15021,11.0,10.52
1987,fortis,14625,11.84,10.52
1987,fortis,14651,11.84,10.52
1987,fortis,14848,11.36,10.53
1987,fortis,15147,11.46,10.53
1987,fortis,15980,11.56,10.53
1987,fortis,4876,10.34,10.55
1987,fortis,1469,11.73,10.56
1987,fortis,15372,12.25,10.57
1987,fortis,5649,11.55,10.59
1987,fortis,3393,11.7,10.6
1987,fortis,15216,11.9,10.6
1987,fortis,15688,11.54,10.61
1987,fortis,5821,12.32,10.62
1987,fortis,14870,11.95,10.67
1987,fortis,13407,11.27,10.68
1987,fortis,14993,12.3,10.7
1987,fortis,14663,11.65,10.72
1987,fortis,14991,12.4,10.72
1987,fortis,15170,12.84,10.72
1987,fortis,14804,11.76,10.73
1987,fortis,1774,11.9,10.75
1987,fortis,14149,10.9,10.8
1987,fortis,14622,11.0,10.8
1987,fortis,15948,11.6,10.8
1987,fortis,2536,11.44,10.84
1987,fortis,14624,11.85,10.85
1987,fortis,2743,12.1,10.85
1987,fortis,5370,12.73,10.88
1987,fortis,14706,11.5,10.9
1987,fortis,15825,11.8,10.9
1987,fortis,10178,11.7,11.0
1987,fortis,15910,11.85,11.0
1987,fortis,15976,12.2,11.0
1987,fortis,14550,13.65,11.02
1987,fortis,13487,11.78,11.07
1987,fortis,14649,11.7,11.1
1987,fortis,4986,11.87,11.17
1987,fortis,15651,12.8,11.2
1987,fortis,15954,12.04,11.21
1987,fortis,15905,11.46,11.38
1987,fortis,14442,11.53,11.38
1987,fortis,14408,11.23,11.49
1987,fortis,15877,12.26,11.53
1987,fortis,5110,14.07,12.37
1987,fortis,3597,13.03,12.7
1987,scandens,15718,10.75,7.77
1987,scandens,5594,13.73,7.94
1987,scandens,15235,14.04,7.96
1987,scandens,15252,12.5,8.0
1987,scandens,15847,12.64,8.01
1987,scandens,15139,12.66,8.23
1987,scandens,15237,13.0,8.3
1987,scandens,4045,13.15,8.36
1987,scandens,8443,13.96,8.37
1987,scandens,15798,13.15,8.4
1987,scandens,14786,13.7,8.4
1987,scandens,364,14.0,8.4
1987,scandens,10001,13.43,8.41
1987,scandens,15119,14.0,8.5
1987,scandens,15676,14.9,8.5
1987,scandens,15476,13.6,8.6
1987,scandens,14576,13.8,8.6
1987,scandens,15419,14.9,8.6
1987,scandens,15635,13.94,8.61
1987,scandens,2733,14.81,8.67
1987,scandens,15751,12.5,8.7
1987,scandens,14834,13.75,8.7
1987,scandens,4109,14.0,8.7
1987,scandens,15901,14.5,8.7
1987,scandens,14830,14.7,8.7
1987,scandens,15086,14.05,8.72
1987,scandens,15986,14.17,8.72
1987,scandens,4223,15.07,8.77
1987,scandens,15725,11.5,8.8
1987,scandens,13554,13.5,8.8
1987,scandens,15407,13.87,8.8
1987,scandens,3425,14.9,8.8
1987,scandens,15704,12.34,8.81
1987,scandens,15102,14.34,8.81
1987,scandens,5582,15.07,8.87
1987,scandens,15121,14.01,8.88
1987,scandens,10770,12.86,8.89
1987,scandens,14755,13.6,8.9
1987,scandens,13555,13.8,8.9
1987,scandens,15765,13.85,8.9
1987,scandens,15243,13.9,8.9
1987,scandens,8441,14.1,8.9
1987,scandens,10067,14.1,8.9
1987,scandens,15406,14.2,8.9
1987,scandens,15234,14.3,8.9
1987,scandens,15608,14.9,8.9
1987,scandens,14758,13.84,8.91
1987,scandens,14835,14.09,8.91
1987,scandens,15882,14.05,8.92
1987,scandens,14787,14.15,8.93
1987,scandens,14727,14.25,8.93
1987,scandens,5351,13.6,8.95
1987,scandens,15859,14.57,8.95
1987,scandens,15721,11.89,8.96
1987,scandens,5663,13.8,8.97
1987,scandens,2543,14.21,8.97
1987,scandens,5013,14.76,8.99
1987,scandens,10394,12.07,9.0
1987,scandens,17548,13.9,9.0
1987,scandens,14647,14.1,9.0
1987,scandens,13548,14.3,9.0
1987,scandens,5345,14.95,9.0
1987,scandens,15760,14.34,9.01
1987,scandens,15685,13.84,9.02
1987,scandens,14731,14.04,9.02
1987,scandens,14906,14.14,9.02
1987,scandens,15330,12.56,9.03
1987,scandens,4577,15.14,9.04
1987,scandens,4744,14.35,9.05
1987,scandens,10984,14.85,9.05
1987,scandens,14759,14.04,9.06
1987,scandens,15639,14.2,9.1
1987,scandens,15090,14.3,9.1
1987,scandens,4221,14.5,9.1
1987,scandens,15422,14.5,9.1
1987,scandens,15441,14.6,9.1
1987,scandens,15736,15.0,9.1
1987,scandens,4683,13.6,9.13
1987,scandens,14768,14.65,9.13
1987,scandens,5375,14.03,9.14
1987,scandens,14843,14.16,9.18
1987,scandens,2554,13.83,9.2
1987,scandens,14995,14.2,9.2
1987,scandens,15638,14.35,9.2
1987,scandens,15837,14.45,9.2
1987,scandens,10002,14.64,9.21
1987,scandens,14584,15.04,9.21
1987,scandens,14730,13.9,9.22
1987,scandens,3458,14.34,9.24
1987,scandens,5911,14.53,9.24
1987,scandens,2760,14.2,9.25
1987,scandens,15812,14.85,9.25
1987,scandens,5367,15.1,9.25
1987,scandens,10174,15.2,9.25
1987,scandens,1645,13.5,9.26
1987,scandens,4090,14.95,9.26
1987,scandens,5576,13.83,9.28
1987,scandens,14975,13.95,9.28
1987,scandens,2877,15.09,9.28
1987,scandens,10206,13.43,9.3
1987,scandens,4778,13.7,9.3
1987,scandens,5322,14.0,9.3
1987,scandens,10207,14.15,9.3
1987,scandens,10740,14.75,9.3
1987,scandens,8450,14.9,9.3
1987,scandens,10517,15.0,9.3
1987,scandens,2758,13.56,9.32
1987,scandens,14729,14.26,9.33
1987,scandens,10743,13.83,9.34
1987,scandens,13527,14.53,9.34
1987,scandens,8444,14.84,9.34
1987,scandens,15738,15.0,9.35
1987,scandens,2445,13.76,9.37
1987,scandens,5931,13.9,9.37
1987,scandens,14728,14.29,9.37
1987,scandens,15615,14.63,9.37
1987,scandens,14646,14.3,9.38
1987,scandens,13526,13.6,9.4
1987,scandens,15343,14.4,9.4
1987,scandens,10105,14.9,9.4
1987,scandens,14645,14.9,9.4
1987,scandens,2433,14.34,9.42
1987,scandens,10268,14.53,9.43
1987,scandens,10245,14.65,9.45
1987,scandens,4706,14.8,9.5
1987,scandens,14918,16.0,9.5
1987,scandens,15694,13.14,9.51
1987,scandens,15421,14.44,9.51
1987,scandens,14208,12.73,9.52
1987,scandens,1396,15.04,9.54
1987,scandens,1444,14.85,9.55
1987,scandens,4051,14.2,9.6
1987,scandens,10061,15.2,9.6
1987,scandens,4701,16.0,9.6
1987,scandens,13257,14.47,9.62
1987,scandens,2949,14.54,9.64
1987,scandens,14946,14.9,9.65
1987,scandens,5656,14.9,9.7
1987,scandens,5608,15.8,9.7
1987,scandens,15352,13.46,9.73
1987,scandens,15817,14.77,9.73
1987,scandens,4119,14.44,9.74
1987,scandens,10223,15.2,9.8
1987,scandens,2969,16.0,9.8
1987,scandens,14648,14.4,9.82
1987,scandens,15658,14.45,9.85
1987,scandens,13256,15.35,9.85
1987,scandens,8425,14.2,9.9
1987,scandens,14524,15.3,9.9
1987,scandens,10075,14.27,9.94
1987,scandens,4137,15.8,10.0
1987,scandens,14847,15.3,10.1
1987,scandens,15886,11.24,10.11
1987,scandens,14877,15.2,10.27
1987,scandens,8036,15.44,10.34
1987,scandens,14579,14.96,11.33
1991,fortis,2639,10.3,8.95
1991,fortis,2666,12.81,9.3
1991,fortis,2753,10.89,10.35
1991,fortis,2776,11.3,10.0
1991,fortis,4229,10.05,8.62
1991,fortis,4677,11.02,10.17
1991,fortis,4715,10.4,8.7
1991,fortis,4899,10.87,9.7
1991,fortis,4911,11.0,9.7
1991,fortis,4936,10.0,9.05
1991,fortis,4946,11.42,10.27
1991,fortis,5026,10.9,9.8
1991,fortis,5110,14.07,12.37
1991,fortis,5370,12.73,10.88
1991,fortis,5505,11.4,9.8
1991,fortis,5555,9.04,8.42
1991,fortis,5578,9.8,7.65
1991,fortis,5586,10.2,9.67
1991,fortis,5602,10.83,8.74
1991,fortis,5625,10.94,9.86
1991,fortis,5626,11.1,8.89
1991,fortis,5669,10.4,8.9
1991,fortis,5685,9.8,8.55
1991,fortis,5721,11.1,8.9
1991,fortis,5731,10.8,10.3
1991,fortis,5821,12.32,10.62
1991,fortis,5826,10.55,9.2
1991,fortis,5860,11.55,10.05
1991,fortis,5872,11.8,8.8
1991,fortis,5887,10.18,8.4
1991,fortis,5904,11.1,10.5
1991,fortis,5905,11.86,10.43
1991,fortis,5921,11.2,9.87
1991,fortis,5927,10.7,9.2
1991,fortis,5960,11.4,10.15
1991,fortis,10081,10.9,9.5
1991,fortis,10100,10.93,8.45
1991,fortis,10102,10.98,9.08
1991,fortis,10181,11.1,10.5
1991,fortis,10213,10.7,9.2
1991,fortis,10305,11.82,9.9
1991,fortis,10376,9.28,7.68
1991,fortis,10679,10.9,10.0
1991,fortis,10826,11.2,9.4
1991,fortis,13269,9.4,8.7
1991,fortis,13300,11.06,10.09
1991,fortis,13351,10.0,8.35
1991,fortis,13385,11.2,8.87
1991,fortis,13486,9.98,9.07
1991,fortis,13543,10.3,8.1
1991,fortis,13575,11.0,8.93
1991,fortis,13595,11.4,10.17
1991,fortis,13644,10.5,9.5
1991,fortis,13687,10.67,8.77
1991,fortis,13704,10.67,9.47
1991,fortis,13837,11.58,9.72
1991,fortis,13945,10.43,9.74
1991,fortis,13975,11.0,9.9
1991,fortis,13994,10.18,8.64
1991,fortis,14003,11.8,10.32
1991,fortis,14041,10.0,9.2
1991,fortis,14062,10.7,9.2
1991,fortis,14100,10.6,9.2
1991,fortis,14117,10.6,10.0
1991,fortis,14258,10.76,8.91
1991,fortis,14347,10.63,9.12
1991,fortis,14442,11.53,11.38
1991,fortis,14468,11.83,10.34
1991,fortis,14478,10.9,8.95
1991,fortis,14492,11.2,9.6
1991,fortis,14518,10.72,9.17
1991,fortis,14533,11.1,8.92
1991,fortis,14612,9.27,7.95
1991,fortis,14613,9.1,7.0
1991,fortis,14620,10.7,9.85
1991,fortis,14624,11.85,10.85
1991,fortis,14625,11.84,10.52
1991,fortis,14633,11.29,9.78
1991,fortis,14655,11.33,10.29
1991,fortis,14656,11.9,10.17
1991,fortis,14660,11.14,9.92
1991,fortis,14672,10.54,9.12
1991,fortis,14674,10.5,9.8
1991,fortis,14676,11.0,9.57
1991,fortis,14678,11.5,9.6
1991,fortis,14681,9.94,8.96
1991,fortis,14684,10.7,8.9
1991,fortis,14686,10.74,8.31
1991,fortis,14687,11.5,9.5
1991,fortis,14689,11.2,9.96
1991,fortis,14692,11.25,9.15
1991,fortis,14694,10.8,8.7
1991,fortis,14705,10.5,9.4
1991,fortis,14706,11.5,10.9
1991,fortis,14710,11.65,9.65
1991,fortis,14720,12.0,9.52
1991,fortis,14722,12.15,9.47
1991,fortis,14723,12.0,9.1
1991,fortis,14741,11.04,9.06
1991,fortis,14745,11.5,10.0
1991,fortis,14752,11.9,10.0
1991,fortis,14762,10.3,8.5
1991,fortis,14763,10.19,8.81
1991,fortis,14777,11.6,10.2
1991,fortis,14783,11.39,9.86
1991,fortis,14784,11.34,9.11
1991,fortis,14788,12.0,9.0
1991,fortis,14796,11.15,9.82
1991,fortis,14797,10.37,8.8
1991,fortis,14808,11.6,8.9
1991,fortis,14811,10.33,8.9
1991,fortis,14812,11.05,10.15
1991,fortis,14818,11.0,10.0
1991,fortis,14822,10.0,8.3
1991,fortis,14841,9.9,8.87
1991,fortis,14846,10.04,9.01
1991,fortis,14854,10.75,9.2
1991,fortis,14856,11.24,9.81
1991,fortis,14858,10.9,8.8
1991,fortis,14866,11.7,9.6
1991,fortis,14873,11.6,10.4
1991,fortis,14879,10.7,9.2
1991,fortis,14880,9.84,8.72
1991,fortis,14890,10.9,8.4
1991,fortis,14900,11.0,9.45
1991,fortis,14901,10.1,9.3
1991,fortis,14902,10.0,8.6
1991,fortis,14909,10.0,8.3
1991,fortis,14912,9.64,8.28
1991,fortis,14913,9.14,7.41
1991,fortis,14915,11.0,9.0
1991,fortis,14919,11.87,10.33
1991,fortis,14925,12.75,10.4
1991,fortis,14930,11.2,9.9
1991,fortis,14939,10.2,8.45
1991,fortis,14955,11.74,9.91
1991,fortis,14956,10.85,9.27
1991,fortis,14957,11.8,9.5
1991,fortis,14958,11.29,9.56
1991,fortis,14963,11.0,9.8
1991,fortis,14970,9.8,8.5
1991,fortis,14971,11.0,9.8
1991,fortis,14978,9.7,8.1
1991,fortis,14983,8.83,7.32
1991,fortis,15001,11.4,9.7
1991,fortis,15004,10.5,9.63
1991,fortis,15005,11.29,8.71
1991,fortis,15014,11.04,8.02
1991,fortis,15015,11.2,9.8
1991,fortis,15018,9.64,8.71
1991,fortis,15025,11.29,10.37
1991,fortis,15027,10.37,9.17
1991,fortis,15037,12.0,10.4
1991,fortis,15041,11.1,9.5
1991,fortis,15047,10.35,9.11
1991,fortis,15049,11.54,9.61
1991,fortis,15054,10.3,9.0
1991,fortis,15065,11.09,9.11
1991,fortis,15066,11.4,9.1
1991,fortis,15079,9.89,8.36
1991,fortis,15106,10.0,8.25
1991,fortis,15111,10.24,8.31
1991,fortis,15125,10.6,9.2
1991,fortis,15127,9.24,8.42
1991,fortis,15150,10.94,9.87
1991,fortis,15153,10.57,9.07
1991,fortis,15154,9.4,7.95
1991,fortis,15158,12.1,9.6
1991,fortis,15170,12.84,10.72
1991,fortis,15172,11.84,9.72
1991,fortis,15182,10.1,8.9
1991,fortis,15183,11.2,10.1
1991,fortis,15188,10.74,8.47
1991,fortis,15197,11.04,9.67
1991,fortis,15210,11.44,9.61
1991,fortis,15220,10.24,8.82
1991,fortis,15223,11.6,8.9
1991,fortis,15225,10.8,7.8
1991,fortis,15229,10.99,8.96
1991,fortis,15230,10.1,9.03
1991,fortis,15232,10.52,8.98
1991,fortis,15238,10.4,9.4
1991,fortis,15241,10.8,9.0
1991,fortis,15244,11.15,8.8
1991,fortis,15246,10.64,8.76
1991,fortis,15261,11.34,9.21
1991,fortis,15263,10.39,9.21
1991,fortis,15277,9.95,7.9
1991,fortis,15281,12.17,9.92
1991,fortis,15284,9.2,7.3
1991,fortis,15285,9.34,7.92
1991,fortis,15286,9.2,8.2
1991,fortis,15288,10.95,8.35
1991,fortis,15289,11.15,9.3
1991,fortis,15291,11.7,10.0
1991,fortis,15309,11.45,10.12
1991,fortis,15313,10.04,8.87
1991,fortis,15317,11.84,10.12
1991,fortis,15337,10.47,8.97
1991,fortis,15339,10.9,9.6
1991,fortis,15346,11.8,9.4
1991,fortis,15359,11.04,9.12
1991,fortis,15376,10.9,9.35
1991,fortis,15383,11.7,9.87
1991,fortis,15385,11.1,9.8
1991,fortis,15389,10.83,9.1
1991,fortis,15392,11.64,10.51
1991,fortis,15396,10.63,9.27
1991,fortis,15402,9.99,8.36
1991,fortis,15408,11.2,9.15
1991,fortis,15412,10.5,9.07
1991,fortis,15428,11.15,9.3
1991,fortis,15431,11.29,8.91
1991,fortis,15444,12.85,10.35
1991,fortis,15464,9.45,8.65
1991,fortis,15471,11.6,10.35
1991,fortis,15478,11.1,9.77
1991,fortis,15484,9.7,7.45
1991,fortis,15601,10.9,9.2
1991,fortis,15607,11.0,9.7
1991,fortis,15621,11.6,9.8
1991,fortis,15648,10.9,9.5
1991,fortis,15650,11.06,9.93
1991,fortis,15651,12.8,11.2
1991,fortis,15659,11.04,8.91
1991,fortis,15665,11.14,9.91
1991,fortis,15667,10.84,9.62
1991,fortis,15679,10.0,8.4
1991,fortis,15681,12.29,10.06
1991,fortis,15695,9.5,7.5
1991,fortis,15702,11.7,10.5
1991,fortis,15706,10.0,8.5
1991,fortis,15726,9.04,7.42
1991,fortis,15727,11.0,9.25
1991,fortis,15734,10.9,9.5
1991,fortis,15757,10.57,8.7
1991,fortis,15761,11.3,8.6
1991,fortis,15779,9.74,7.86
1991,fortis,15788,10.75,9.35
1991,fortis,15822,10.49,9.07
1991,fortis,15830,12.27,10.33
1991,fortis,15838,11.1,9.4
1991,fortis,15840,10.85,9.55
1991,fortis,15845,10.4,8.4
1991,fortis,15854,10.64,8.91
1991,fortis,15857,11.94,9.76
1991,fortis,15863,11.69,9.07
1991,fortis,15873,10.0,8.0
1991,fortis,15885,10.8,9.5
1991,fortis,15897,11.6,10.1
1991,fortis,15914,9.24,7.81
1991,fortis,15915,10.74,8.31
1991,fortis,15920,11.44,10.11
1991,fortis,15929,11.6,9.45
1991,fortis,15930,12.05,9.77
1991,fortis,15934,11.14,9.11
1991,fortis,15939,10.5,9.5
1991,fortis,15944,10.8,8.3
1991,fortis,15948,11.6,10.8
1991,fortis,15950,10.6,9.35
1991,fortis,15951,11.5,10.0
1991,fortis,15970,9.83,8.5
1991,fortis,15973,10.19,8.06
1991,fortis,15977,9.84,8.32
1991,fortis,15978,10.39,8.76
1991,fortis,15979,11.04,9.82
1991,fortis,15983,10.54,8.71
1991,fortis,15995,9.94,8.52
1991,fortis,16007,10.04,8.22
1991,fortis,16016,9.97,8.8
1991,fortis,16024,9.0,7.4
1991,fortis,16027,10.25,8.0
1991,fortis,16028,11.1,9.65
1991,fortis,16044,10.75,8.9
1991,fortis,16091,9.33,7.7
1991,fortis,16093,10.5,8.4
1991,fortis,16095,10.0,8.15
1991,fortis,16096,10.6,8.8
1991,fortis,16135,11.5,9.4
1991,fortis,16141,11.6,10.6
1991,fortis,16143,11.4,10.1
1991,fortis,16144,11.3,10.4
1991,fortis,16145,10.8,9.4
1991,fortis,16146,11.2,10.1
1991,fortis,16148,10.8,9.5
1991,fortis,16149,11.5,9.8
1991,fortis,16150,11.65,10.3
1991,fortis,16165,9.7,8.0
1991,fortis,16167,10.55,8.85
1991,fortis,16173,11.13,9.7
1991,fortis,16176,10.9,9.6
1991,fortis,16184,11.05,9.25
1991,fortis,16190,10.7,9.2
1991,fortis,16197,10.7,9.2
1991,fortis,16301,10.4,9.1
1991,fortis,16306,11.3,10.2
1991,fortis,16309,10.9,8.6
1991,fortis,16310,11.0,9.0
1991,fortis,16315,10.9,8.8
1991,fortis,16316,10.8,8.1
1991,fortis,16317,10.2,8.2
1991,fortis,16319,10.8,9.0
1991,fortis,16331,10.9,9.8
1991,fortis,16333,10.2,9.1
1991,fortis,16336,12.5,9.9
1991,fortis,16337,11.3,9.2
1991,fortis,16341,10.3,9.5
1991,fortis,16344,9.4,8.5
1991,fortis,16356,11.05,9.4
1991,fortis,16360,10.7,9.4
1991,fortis,16367,9.7,8.6
1991,fortis,16374,10.6,9.0
1991,fortis,16378,11.55,9.8
1991,fortis,16380,11.0,9.2
1991,fortis,16385,10.8,8.8
1991,fortis,16386,9.53,8.27
1991,fortis,16387,11.9,10.3
1991,fortis,16391,10.6,9.2
1991,fortis,16394,10.8,9.6
1991,fortis,16395,11.05,9.8
1991,fortis,16396,12.5,10.3
1991,fortis,16398,12.1,9.8
1991,fortis,16507,10.9,10.1
1991,fortis,16511,10.7,9.3
1991,fortis,16514,10.8,9.5
1991,fortis,16518,12.0,10.0
1991,fortis,16531,11.65,9.95
1991,fortis,16549,10.6,9.0
1991,fortis,16550,10.75,9.05
1991,fortis,16551,11.1,9.0
1991,fortis,16553,10.9,9.2
1991,fortis,16554,10.9,10.4
1991,fortis,16559,11.3,9.9
1991,fortis,16560,11.6,9.6
1991,fortis,16564,12.1,10.3
1991,fortis,16565,12.1,10.0
1991,fortis,16566,12.0,10.2
1991,fortis,16575,11.6,10.5
1991,fortis,16579,11.8,10.4
1991,fortis,16580,11.3,9.3
1991,fortis,16583,10.3,8.5
1991,fortis,16590,9.6,7.7
1991,fortis,16594,11.5,9.9
1991,fortis,16595,11.9,10.3
1991,fortis,16596,11.8,10.5
1991,fortis,16597,10.1,8.8
1991,fortis,16598,9.9,8.8
1991,fortis,16803,12.1,9.85
1991,fortis,16805,11.3,9.5
1991,fortis,16807,9.7,7.5
1991,fortis,16808,11.15,9.45
1991,fortis,16810,10.65,9.1
1991,fortis,16811,9.9,7.5
1991,fortis,16815,10.3,8.9
1991,fortis,16816,11.4,9.8
1991,fortis,16817,11.7,9.7
1991,fortis,16818,11.3,10.1
1991,fortis,16833,11.8,9.4
1991,fortis,16834,11.55,9.0
1991,fortis,16836,12.3,9.9
1991,fortis,16840,10.9,9.0
1991,fortis,16851,10.3,8.6
1991,fortis,16858,11.5,9.4
1991,fortis,16859,10.4,8.65
1991,fortis,16861,10.1,8.7
1991,fortis,16869,11.75,9.65
1991,fortis,16875,10.1,8.1
1991,fortis,16889,9.55,7.8
1991,fortis,16891,9.7,8.0
1991,fortis,16895,10.0,8.3
1991,fortis,17010,11.3,8.9
1991,fortis,17013,11.0,9.3
1991,fortis,17014,10.0,8.2
1991,fortis,17033,10.6,9.3
1991,fortis,17037,10.77,9.03
1991,fortis,17048,10.0,8.3
1991,fortis,17057,12.3,10.1
1991,fortis,17061,10.7,10.0
1991,fortis,17063,9.85,8.6
1991,fortis,17067,10.8,9.1
1991,fortis,17070,10.6,9.2
1991,fortis,17073,10.6,8.53
1991,fortis,17075,10.7,9.0
1991,fortis,17083,10.4,9.6
1991,fortis,17095,10.7,8.9
1991,fortis,17109,10.0,9.0
1991,fortis,17111,9.7,8.7
1991,fortis,17113,9.7,8.6
1991,fortis,17114,10.5,8.6
1991,fortis,17116,10.7,9.3
1991,fortis,17136,11.0,9.1
1991,fortis,17145,11.0,9.9
1991,fortis,17160,10.9,9.3
1991,fortis,17168,10.7,8.3
1991,fortis,17179,9.73,8.37
1991,fortis,17188,9.0,7.9
1991,fortis,17301,9.4,9.2
1991,fortis,17307,8.8,8.0
1991,fortis,17310,8.9,7.9
1991,fortis,17311,10.8,8.7
1991,fortis,17315,11.3,9.0
1991,fortis,17344,10.6,9.6
1991,fortis,17360,11.1,9.8
1991,fortis,17367,12.0,10.2
1991,fortis,17369,13.0,11.2
1991,fortis,17379,10.6,8.6
1991,fortis,17380,11.85,9.2
1991,fortis,17381,10.9,8.5
1991,fortis,17384,11.5,10.3
1991,fortis,17386,11.1,9.9
1991,fortis,17388,11.9,10.2
1991,fortis,17395,11.7,10.0
1991,fortis,17403,9.7,8.0
1991,fortis,17410,11.8,10.4
1991,fortis,17411,10.0,9.1
1991,fortis,17415,10.13,8.7
1991,fortis,17416,10.7,9.1
1991,fortis,17418,10.8,8.9
1991,fortis,17419,10.6,9.0
1991,fortis,17436,10.7,8.3
1991,fortis,17439,11.4,9.7
1991,fortis,17440,11.1,9.2
1991,fortis,17443,11.0,8.8
1991,fortis,17460,11.47,10.0
1991,fortis,17461,10.2,9.0
1991,fortis,17464,11.0,9.7
1991,fortis,17466,10.6,9.6
1991,fortis,17467,11.7,9.5
1991,fortis,17468,10.7,8.8
1991,fortis,17480,9.8,7.5
1991,fortis,17483,10.1,7.8
1991,fortis,17485,10.9,9.0
1991,fortis,17490,10.7,9.9
1991,fortis,17491,10.6,8.9
1991,fortis,17493,11.6,10.5
1991,fortis,17494,11.9,10.7
1991,fortis,17496,12.4,10.0
1991,fortis,17497,11.0,9.0
1991,fortis,17498,10.6,9.7
1991,fortis,17500,10.0,8.9
1991,fortis,17503,9.8,7.9
1991,fortis,17534,10.15,8.95
1991,fortis,17551,9.3,7.7
1991,fortis,17559,11.8,9.8
1991,fortis,17568,10.8,8.9
1991,fortis,17573,9.9,9.0
1991,fortis,17583,9.9,8.4
1991,fortis,17589,11.5,10.4
1991,fortis,17603,10.5,9.17
1991,fortis,17605,11.2,9.1
1991,fortis,17615,12.4,9.4
1991,fortis,17617,10.1,8.2
1991,fortis,17618,10.85,8.1
1991,fortis,17634,10.75,8.85
1991,fortis,17638,8.9,6.9
1991,fortis,17639,10.0,8.9
1991,fortis,17641,11.2,9.5
1991,fortis,17643,11.0,8.7
1991,fortis,17646,12.3,9.9
1991,fortis,17647,11.6,10.2
1991,fortis,17648,11.1,9.4
1991,fortis,17649,11.7,10.6
1991,fortis,17653,11.0,8.4
1991,fortis,17654,10.8,8.6
1991,fortis,17656,9.5,8.2
1991,fortis,17659,10.8,8.8
1991,fortis,17664,10.5,9.2
1991,fortis,17665,9.5,8.1
1991,fortis,17666,11.7,10.5
1991,fortis,17668,11.0,9.5
1991,fortis,17677,10.6,9.0
1991,fortis,17693,10.5,8.8
1991,fortis,17696,11.1,10.1
1991,fortis,17697,10.9,9.6
1991,fortis,17698,10.7,9.6
1991,fortis,17699,10.8,9.5
1991,fortis,17717,11.55,9.65
1991,fortis,17733,10.7,9.4
1991,fortis,17734,11.3,10.0
1991,fortis,17735,10.6,8.8
1991,fortis,17738,10.4,9.9
1991,fortis,17740,10.7,8.7
1991,fortis,17754,9.8,9.0
1991,fortis,17759,11.6,9.7
1991,fortis,17768,10.1,8.4
1991,fortis,17771,11.7,9.8
1991,fortis,17786,11.7,9.6
1991,fortis,17791,10.8,9.8
1991,fortis,17797,10.3,8.5
1991,fortis,17798,10.65,8.85
1991,fortis,17800,10.8,8.9
1991,fortis,17803,10.7,9.2
1991,fortis,17907,10.7,9.0
1991,fortis,17908,10.2,8.8
1991,fortis,17916,9.7,7.4
1991,fortis,17934,10.4,8.7
1991,fortis,17936,11.5,9.0
1991,fortis,17940,11.1,9.8
1991,fortis,17954,10.3,9.2
1991,fortis,17955,11.5,10.0
1991,fortis,17964,10.9,9.5
1991,fortis,17969,9.9,8.8
1991,fortis,17971,10.8,8.8
1991,fortis,17974,10.1,9.0
1991,fortis,17983,10.9,9.0
1991,fortis,17986,11.2,9.0
1991,fortis,17991,12.7,10.65
1991,fortis,17993,11.8,10.5
1991,fortis,17999,11.5,9.5
1991,scandens,2760,14.2,9.25
1991,scandens,3425,14.9,8.8
1991,scandens,4090,14.95,9.26
1991,scandens,4137,15.8,10.0
1991,scandens,4223,15.07,8.77
1991,scandens,4683,13.6,9.13
1991,scandens,4706,14.8,9.5
1991,scandens,4778,13.7,9.3
1991,scandens,5351,13.6,8.95
1991,scandens,5582,15.07,8.87
1991,scandens,5608,15.8,9.7
1991,scandens,5656,14.9,9.7
1991,scandens,10001,13.43,8.41
1991,scandens,10002,14.64,9.21
1991,scandens,10061,15.2,9.6
1991,scandens,10105,14.9,9.4
1991,scandens,10174,15.2,9.25
1991,scandens,10206,13.43,9.3
1991,scandens,10223,15.2,9.8
1991,scandens,10268,14.53,9.43
1991,scandens,10394,12.07,9.0
1991,scandens,10740,14.75,9.3
1991,scandens,13256,15.35,9.85
1991,scandens,13257,14.47,9.62
1991,scandens,13548,14.3,9.0
1991,scandens,14208,12.73,9.52
1991,scandens,14524,15.3,9.9
1991,scandens,14576,13.8,8.6
1991,scandens,14584,15.04,9.21
1991,scandens,14646,14.3,9.38
1991,scandens,14728,14.29,9.37
1991,scandens,14731,14.04,9.02
1991,scandens,14755,13.6,8.9
1991,scandens,14758,13.84,8.91
1991,scandens,14759,14.04,9.06
1991,scandens,14786,13.7,8.4
1991,scandens,14830,14.7,8.7
1991,scandens,14834,13.75,8.7
1991,scandens,14835,14.09,8.91
1991,scandens,14847,15.3,10.1
1991,scandens,14877,15.2,10.27
1991,scandens,14946,14.9,9.65
1991,scandens,14975,13.95,9.28
1991,scandens,14995,14.2,9.2
1991,scandens,15235,14.04,7.96
1991,scandens,15237,13.0,8.3
1991,scandens,15406,14.2,8.9
1991,scandens,15419,14.9,8.6
1991,scandens,15441,14.6,9.1
1991,scandens,15476,13.6,8.6
1991,scandens,15615,14.63,9.37
1991,scandens,15638,14.35,9.2
1991,scandens,15639,14.2,9.1
1991,scandens,15658,14.45,9.85
1991,scandens,15685,13.84,9.02
1991,scandens,15694,13.14,9.51
1991,scandens,15704,12.34,8.81
1991,scandens,15718,10.75,7.77
1991,scandens,15721,11.89,8.96
1991,scandens,15725,11.5,8.8
1991,scandens,15736,15.0,9.1
1991,scandens,15760,14.34,9.01
1991,scandens,15765,13.85,8.9
1991,scandens,15798,13.15,8.4
1991,scandens,15812,14.85,9.25
1991,scandens,15817,14.77,9.73
1991,scandens,15837,14.45,9.2
1991,scandens,15859,14.57,8.95
1991,scandens,15901,14.5,8.7
1991,scandens,15986,14.17,8.72
1991,scandens,16100,14.3,9.6
1991,scandens,16109,14.0,9.3
1991,scandens,16113,14.9,10.4
1991,scandens,16183,14.0,8.9
1991,scandens,16195,11.8,9.3
1991,scandens,16568,12.15,8.4
1991,scandens,16569,12.7,8.6
1991,scandens,16585,13.7,8.9
1991,scandens,16600,15.0,10.1
1991,scandens,16873,14.4,8.9
1991,scandens,17001,12.8,8.8
1991,scandens,17004,14.05,9.25
1991,scandens,17099,13.3,8.6
1991,scandens,17140,13.1,8.7
1991,scandens,17143,12.9,8.4
1991,scandens,17153,14.8,9.5
1991,scandens,17176,14.15,8.65
1991,scandens,17305,14.4,9.0
1991,scandens,17353,14.6,9.0
1991,scandens,17374,13.0,8.5
1991,scandens,17474,14.6,9.75
1991,scandens,17475,13.8,9.1
1991,scandens,17504,13.9,9.3
1991,scandens,17505,13.6,8.6
1991,scandens,17548,13.9,9.0
1991,scandens,17658,14.3,9.1
1991,scandens,17673,14.7,8.2
1991,scandens,17674,13.5,8.1
1991,scandens,17685,14.0,9.4
1991,scandens,17764,13.1,9.0
1991,scandens,17779,12.9,8.8
1991,scandens,17788,14.6,10.1
1991,scandens,17795,13.3,8.8
1991,scandens,17901,14.8,9.5
1991,scandens,17915,11.8,8.3
1991,scandens,17930,12.8,8.7
1991,scandens,17939,12.6,8.6
1991,scandens,17947,11.8,7.9
1991,scandens,17950,10.3,8.7
1991,scandens,17953,11.1,9.5
1991,scandens,17956,13.7,9.0
1991,scandens,17963,13.8,8.9
2012,fortis,19022,10.0,8.5
2012,fortis,19028,12.5,8.9
2012,fortis,19032,9.3,7.5
2012,fortis,19041,10.3,9.6
2012,fortis,19044,11.0,9.2
2012,fortis,19048,10.1,8.2
2012,fortis,19072,9.6,7.8
2012,fortis,19082,10.9,8.6
2012,fortis,19104,10.3,8.4
2012,fortis,19114,9.8,7.7
2012,fortis,19121,10.1,8.0
2012,fortis,19126,10.4,8.7
2012,fortis,19146,9.6,8.1
2012,fortis,19164,10.6,8.8
2012,fortis,19174,10.6,9.4
2012,fortis,19203,11.9,10.0
2012,fortis,19210,11.3,9.6
2012,fortis,19217,11.3,9.6
2012,fortis,19224,9.7,8.1
2012,fortis,19226,9.7,7.5
2012,fortis,19252,10.1,8.4
2012,fortis,19263,10.0,7.9
2012,fortis,19274,10.0,8.3
2012,fortis,19280,10.0,8.9
2012,fortis,19288,11.5,9.1
2012,fortis,19328,9.5,7.7
2012,fortis,19349,11.2,8.3
2012,fortis,19362,10.7,8.6
2012,fortis,19372,10.0,8.4
2012,fortis,19382,9.8,7.7
2012,fortis,19384,10.9,9.1
2012,fortis,19392,9.2,7.7
2012,fortis,19394,10.2,9.0
2012,fortis,19422,11.3,10.2
2012,fortis,19439,10.3,8.1
2012,fortis,19461,10.7,8.6
2012,fortis,19482,10.0,8.4
2012,fortis,19502,9.7,8.1
2012,fortis,19511,9.9,8.0
2012,fortis,19536,10.7,8.3
2012,fortis,19563,11.0,10.3
2012,fortis,19568,9.7,8.0
2012,fortis,19602,10.5,8.8
2012,fortis,19604,11.7,9.0
2012,fortis,19614,10.8,9.3
2012,fortis,19623,9.1,7.6
2012,fortis,19627,10.9,8.2
2012,fortis,19642,12.2,10.0
2012,fortis,19649,10.9,8.2
2012,fortis,19654,10.7,8.2
2012,fortis,19674,10.4,8.3
2012,fortis,19682,9.7,7.8
2012,fortis,19712,10.3,8.0
2012,fortis,19734,9.8,8.4
2012,fortis,19746,10.6,9.3
2012,fortis,19749,10.5,8.9
2012,fortis,19774,12.5,9.7
2012,fortis,19782,9.2,7.6
2012,fortis,19815,10.1,9.0
2012,fortis,19820,10.6,8.6
2012,fortis,19821,11.5,8.9
2012,fortis,19829,10.8,8.6
2012,fortis,19832,10.5,8.8
2012,fortis,19835,10.1,8.5
2012,fortis,19840,10.7,9.2
2012,fortis,19849,9.6,8.0
2012,fortis,19874,10.7,9.4
2012,fortis,19878,10.1,7.7
2012,fortis,19889,10.0,8.4
2012,fortis,19914,10.0,8.5
2012,fortis,19921,10.4,9.0
2012,fortis,19922,10.4,9.0
2012,fortis,19928,11.7,9.3
2012,fortis,19932,10.6,8.7
2012,fortis,19942,11.5,8.1
2012,fortis,19946,10.7,8.7
2012,fortis,19947,10.4,7.9
2012,fortis,19952,10.1,7.7
2012,fortis,19974,10.8,8.4
2012,fortis,19993,11.5,9.25
2012,fortis,19994,11.1,8.1
2012,fortis,21049,9.9,8.3
2012,fortis,21052,10.5,8.5
2012,fortis,21080,12.2,9.9
2012,fortis,21082,10.9,8.4
2012,fortis,21087,12.9,9.9
2012,fortis,21088,9.7,7.2
2012,fortis,21089,9.7,8.2
2012,fortis,21090,10.0,8.2
2012,fortis,21129,10.1,8.3
2012,fortis,21160,10.2,8.4
2012,fortis,21161,9.6,7.5
2012,fortis,21162,9.9,8.2
2012,fortis,21165,10.6,8.6
2012,fortis,21169,9.8,8.2
2012,fortis,21191,11.1,8.8
2012,fortis,21244,10.0,8.5
2012,fortis,21247,10.9,8.1
2012,fortis,21249,10.0,8.3
2012,fortis,21258,10.6,8.5
2012,fortis,21259,10.7,8.1
2012,fortis,21261,9.4,7.3
2012,fortis,21262,10.1,8.0
2012,fortis,21265,11.8,10.2
2012,fortis,21266,12.2,11.1
2012,fortis,21272,12.9,9.9
2012,fortis,21273,10.1,8.7
2012,fortis,21276,10.1,8.3
2012,fortis,21277,9.0,7.8
2012,fortis,21282,11.7,9.9
2012,fortis,21283,10.9,10.3
2012,fortis,21287,10.4,8.4
2012,fortis,21293,12.7,8.7
2012,fortis,21294,10.5,9.8
2012,fortis,21296,9.6,8.7
2012,fortis,21298,10.6,9.0
2012,fortis,21299,10.4,7.8
2012,fortis,21341,10.5,8.5
2012,fortis,21343,10.1,8.2
2012,fortis,21349,10.6,9.2
2012,fortis,22000,10.6,9.0
2012,scandens,19026,14.3,9.4
2012,scandens,19028,12.5,8.9
2012,scandens,19029,13.7,9.5
2012,scandens,19094,13.8,11.0
2012,scandens,19122,12.0,8.7
2012,scandens,19125,13.0,8.4
2012,scandens,19129,13.0,9.1
2012,scandens,19172,13.6,8.7
2012,scandens,19182,12.8,10.2
2012,scandens,19212,13.6,9.6
2012,scandens,19214,12.95,8.85
2012,scandens,19244,13.1,8.8
2012,scandens,19251,13.4,9.5
2012,scandens,19260,13.9,9.2
2012,scandens,19270,12.3,9.0
2012,scandens,19278,14.0,9.8
2012,scandens,19289,12.5,9.3
2012,scandens,19299,12.3,9.0
2012,scandens,19312,13.9,10.2
2012,scandens,19326,13.1,7.7
2012,scandens,19343,12.5,9.0
2012,scandens,19374,13.9,9.5
2012,scandens,19401,13.7,9.4
2012,scandens,19406,12.0,8.0
2012,scandens,19408,14.4,8.9
2012,scandens,19426,13.5,9.4
2012,scandens,19430,13.8,9.5
2012,scandens,19433,13.0,8.0
2012,scandens,19438,14.9,10.0
2012,scandens,19452,12.5,8.95
2012,scandens,19466,12.3,8.2
2012,scandens,19469,12.8,8.8
2012,scandens,19486,13.4,9.2
2012,scandens,19492,13.8,9.4
2012,scandens,19493,13.5,9.5
2012,scandens,19494,13.5,8.1
2012,scandens,19495,13.4,9.5
2012,scandens,19496,12.3,8.4
2012,scandens,19497,14.35,9.3
2012,scandens,19510,13.2,9.3
2012,scandens,19513,13.8,9.6
2012,scandens,19518,14.6,9.2
2012,scandens,19526,14.3,10.0
2012,scandens,19527,13.8,8.9
2012,scandens,19528,13.6,10.5
2012,scandens,19543,12.9,8.9
2012,scandens,19553,13.0,8.6
2012,scandens,19554,13.5,8.8
2012,scandens,19573,13.2,9.15
2012,scandens,19592,13.7,9.5
2012,scandens,19594,13.1,9.1
2012,scandens,19597,13.2,10.2
2012,scandens,19598,12.6,8.4
2012,scandens,19599,13.0,10.0
2012,scandens,19619,13.9,10.2
2012,scandens,19622,13.2,9.3
2012,scandens,19652,15.0,10.8
2012,scandens,19653,13.37,8.3
2012,scandens,19664,11.4,7.8
2012,scandens,19692,13.8,9.8
2012,scandens,19720,13.0,7.9
2012,scandens,19740,13.0,8.9
2012,scandens,19747,13.1,7.7
2012,scandens,19766,12.8,8.9
2012,scandens,19783,13.3,9.4
2012,scandens,19844,13.5,9.4
2012,scandens,19848,12.4,8.5
2012,scandens,19852,13.1,8.5
2012,scandens,19854,14.0,9.6
2012,scandens,19855,13.5,10.2
2012,scandens,19868,11.8,8.8
2012,scandens,19882,13.7,9.5
2012,scandens,19900,13.2,9.3
2012,scandens,19910,12.2,9.0
2012,scandens,19936,13.0,9.2
2012,scandens,19940,13.1,8.7
2012,scandens,19941,14.7,9.0
2012,scandens,19951,13.7,9.1
2012,scandens,19955,13.5,8.7
2012,scandens,19956,13.3,9.4
2012,scandens,21040,14.1,9.8
2012,scandens,21041,12.5,8.6
2012,scandens,21045,13.7,10.6
2012,scandens,21047,14.6,9.0
2012,scandens,21053,14.1,9.5
2012,scandens,21057,12.9,8.1
2012,scandens,21070,13.9,9.3
2012,scandens,21081,13.4,9.6
2012,scandens,21092,13.0,8.5
2012,scandens,21093,12.7,8.2
2012,scandens,21106,12.1,8.0
2012,scandens,21109,14.0,9.5
2012,scandens,21111,14.9,9.7
2012,scandens,21113,13.9,9.9
2012,scandens,21131,12.9,9.1
2012,scandens,21135,14.6,9.5
2012,scandens,21136,14.0,9.8
2012,scandens,21159,13.0,8.4
2012,scandens,21167,12.7,8.3
2012,scandens,21176,14.0,9.6
2012,scandens,21248,14.1,9.4
2012,scandens,21253,14.1,10.0
2012,scandens,21255,13.0,8.9
2012,scandens,21256,13.5,9.1
2012,scandens,21257,13.4,9.8
2012,scandens,21260,13.9,9.3
2012,scandens,21263,13.1,9.9
2012,scandens,21267,12.9,8.9
2012,scandens,21268,14.0,8.5
2012,scandens,21270,14.0,10.6
2012,scandens,21271,14.1,9.3
2012,scandens,21278,14.7,8.9
2012,scandens,21279,13.4,8.9
2012,scandens,21280,13.8,9.7
2012,scandens,21281,13.4,9.8
2012,scandens,21285,13.8,10.5
2012,scandens,21286,12.4,8.4
2012,scandens,21288,14.1,10.0
2012,scandens,21289,12.9,9.0
2012,scandens,21290,13.9,8.7
2012,scandens,21291,14.3,8.8
2012,scandens,21292,13.2,8.4
2012,scandens,21295,14.2,9.3
2012,scandens,21297,13.0,9.8
2012,scandens,21340,14.6,8.9
2012,scandens,21342,13.1,9.8
2012,scandens,21347,15.2,9.1
