population,generation,fitness,replicate,mutator_ever,complete
Ara - 1,0,0.910699904,1,Yes,Yes
Ara - 1,500,1.11253385,1,Yes,Yes
Ara - 1,1000,0.99821983,1,Yes,Yes
Ara - 1,1500,1.203381179,1,Yes,Yes
Ara - 1,2000,1.262659378,1,Yes,Yes
Ara - 1,2500,1.359457018,1,Yes,Yes
Ara - 1,3000,1.211697985,1,Yes,Yes
Ara - 1,3500,1.261849015,1,Yes,Yes
Ara - 1,4000,1.21159652,1,Yes,Yes
Ara - 1,4500,1.390293936,1,Yes,Yes
Ara - 1,5000,1.355383317,1,Yes,Yes
Ara - 1,6000,1.445180916,1,Yes,Yes
Ara - 1,7000,1.271422864,1,Yes,Yes
Ara - 1,8000,1.49517616,1,Yes,Yes
Ara - 1,9000,1.382129783,1,Yes,Yes
Ara - 1,10000,1.349289071,1,Yes,Yes
Ara - 1,11000,1.427948471,1,Yes,Yes
Ara - 1,12000,1.47738471,1,Yes,Yes
Ara - 1,13000,1.440798106,1,Yes,Yes
Ara - 1,14000,1.336651198,1,Yes,Yes
Ara - 1,15000,1.46977996,1,Yes,Yes
Ara - 1,16000,1.481388763,1,Yes,Yes
Ara - 1,17000,1.33157471,1,Yes,Yes
Ara - 1,18000,1.553550132,1,Yes,Yes
Ara - 1,19000,1.496842327,1,Yes,Yes
Ara - 1,20000,1.435615946,1,Yes,Yes
Ara - 1,22000,1.578332058,1,Yes,Yes
Ara - 1,24000,1.764073117,1,Yes,Yes
Ara - 1,26000,1.581792539,1,Yes,Yes
Ara - 1,28000,1.812140099,1,Yes,Yes
Ara - 1,30000,1.460282403,1,Yes,Yes
Ara - 1,32000,2.021813917,1,Yes,Yes
Ara - 1,34000,1.844907913,1,Yes,Yes
Ara - 1,36000,2.084364992,1,Yes,Yes
Ara - 1,38000,1.877496757,1,Yes,Yes
Ara - 1,40000,1.859594605,1,Yes,Yes
Ara - 1,42000,1.674140374,1,Yes,Yes
Ara - 1,44000,1.606857522,1,Yes,Yes
Ara - 1,46000,1.575513844,1,Yes,Yes
Ara - 1,48000,1.885293796,1,Yes,Yes
Ara - 1,50000,1.416568779,1,Yes,Yes
Ara - 1,0,0.989046257,1,Yes,Yes
Ara - 1,0,1.091062033,2,Yes,Yes
Ara - 1,500,1.00949168,2,Yes,Yes
Ara - 1,1000,1.177707178,2,Yes,Yes
Ara - 1,1500,1.058552671,2,Yes,Yes
Ara - 1,4000,1.476561995,2,Yes,Yes
Ara - 1,4500,1.239608697,2,Yes,Yes
Ara - 1,5000,1.290347523,2,Yes,Yes
Ara - 1,6000,1.276398555,2,Yes,Yes
Ara - 1,7000,1.31858637,2,Yes,Yes
Ara - 1,8000,1.470523627,2,Yes,Yes
Ara - 1,9000,1.605422936,2,Yes,Yes
Ara - 1,10000,1.32110896,2,Yes,Yes
Ara - 1,11000,1.314563359,2,Yes,Yes
Ara - 1,12000,1.360433371,2,Yes,Yes
Ara - 1,13000,1.394443845,2,Yes,Yes
Ara - 1,14000,1.310821468,2,Yes,Yes
Ara - 1,15000,1.425390656,2,Yes,Yes
Ara - 1,16000,1.260233354,2,Yes,Yes
Ara - 1,17000,1.532145229,2,Yes,Yes
Ara - 1,18000,1.564221066,2,Yes,Yes
Ara - 1,19000,1.398657143,2,Yes,Yes
Ara - 1,20000,1.429873945,2,Yes,Yes
Ara - 1,22000,1.465827942,2,Yes,Yes
Ara - 1,24000,1.403350758,2,Yes,Yes
Ara - 1,26000,1.403923339,2,Yes,Yes
Ara - 1,28000,1.47493208,2,Yes,Yes
Ara - 1,30000,1.403943887,2,Yes,Yes
Ara - 1,32000,1.534066566,2,Yes,Yes
Ara - 1,34000,1.556039829,2,Yes,Yes
Ara - 1,36000,1.601353971,2,Yes,Yes
Ara - 1,38000,1.684713953,2,Yes,Yes
Ara - 1,40000,1.587529555,2,Yes,Yes
Ara - 1,42000,1.649138028,2,Yes,Yes
Ara - 1,44000,1.500184822,2,Yes,Yes
Ara - 1,46000,1.786693169,2,Yes,Yes
Ara - 1,48000,1.644737136,2,Yes,Yes
Ara - 1,50000,1.771871963,2,Yes,Yes
Ara - 1,0,1.00564302,2,Yes,Yes
Ara - 2,0,1.033852944,1,Yes,No
Ara - 2,500,1.196483672,1,Yes,No
Ara - 2,1000,1.233679926,1,Yes,No
Ara - 2,1500,1.250687779,1,Yes,No
Ara - 2,2000,1.239690088,1,Yes,No
Ara - 2,2500,1.138379539,1,Yes,No
Ara - 2,3000,1.290161598,1,Yes,No
Ara - 2,3500,1.411450092,1,Yes,No
Ara - 2,4000,1.405406664,1,Yes,No
Ara - 2,4500,1.366534447,1,Yes,No
Ara - 2,5000,1.366205832,1,Yes,No
Ara - 2,6000,1.275176854,1,Yes,No
Ara - 2,7000,1.440276538,1,Yes,No
Ara - 2,8000,1.231552283,1,Yes,No
Ara - 2,9000,1.623772906,1,Yes,No
Ara - 2,10000,1.426629368,1,Yes,No
Ara - 2,11000,1.44438586,1,Yes,No
Ara - 2,12000,1.577648769,1,Yes,No
Ara - 2,13000,1.434462554,1,Yes,No
Ara - 2,14000,1.740640602,1,Yes,No
Ara - 2,15000,1.584187214,1,Yes,No
Ara - 2,16000,1.58387209,1,Yes,No
Ara - 2,17000,1.470779568,1,Yes,No
Ara - 2,18000,1.594546393,1,Yes,No
Ara - 2,19000,1.673183757,1,Yes,No
Ara - 2,20000,1.644826948,1,Yes,No
Ara - 2,22000,1.659768012,1,Yes,No
Ara - 2,24000,1.506818868,1,Yes,No
Ara - 2,26000,1.741923661,1,Yes,No
Ara - 2,28000,1.627403661,1,Yes,No
Ara - 2,30000,1.848407129,1,Yes,No
Ara - 2,0,0.912222845,1,Yes,No
Ara - 2,0,0.971374667,2,Yes,No
Ara - 2,500,1.032056485,2,Yes,No
Ara - 2,1000,1.15565586,2,Yes,No
Ara - 2,1500,1.273982506,2,Yes,No
Ara - 2,2000,1.216330729,2,Yes,No
Ara - 2,2500,1.365386636,2,Yes,No
Ara - 2,3000,1.322819329,2,Yes,No
Ara - 2,3500,1.435341016,2,Yes,No
Ara - 2,4000,1.354215801,2,Yes,No
Ara - 2,4500,1.293378149,2,Yes,No
Ara - 2,5000,1.377624868,2,Yes,No
Ara - 2,6000,1.365649465,2,Yes,No
Ara - 2,7000,1.331749265,2,Yes,No
Ara - 2,8000,1.479540902,2,Yes,No
Ara - 2,9000,1.417205848,2,Yes,No
Ara - 2,10000,1.567206626,2,Yes,No
Ara - 2,11000,1.497818027,2,Yes,No
Ara - 2,12000,1.404673336,2,Yes,No
Ara - 2,13000,1.54367403,2,Yes,No
Ara - 2,14000,1.307297497,2,Yes,No
Ara - 2,15000,1.518289647,2,Yes,No
Ara - 2,16000,1.469143688,2,Yes,No
Ara - 2,17000,1.609667458,2,Yes,No
Ara - 2,18000,1.882438827,2,Yes,No
Ara - 2,19000,1.661667641,2,Yes,No
Ara - 2,20000,1.714818828,2,Yes,No
Ara - 2,22000,1.525428347,2,Yes,No
Ara - 2,24000,1.739147249,2,Yes,No
Ara - 2,26000,1.609036931,2,Yes,No
Ara - 2,28000,1.495554985,2,Yes,No
Ara - 2,30000,1.890242222,2,Yes,No
Ara - 2,0,0.998786458,2,Yes,No
Ara - 3,0,0.988657331,1,Yes,No
Ara - 3,500,1.181155747,1,Yes,No
Ara - 3,1000,1.128681738,1,Yes,No
Ara - 3,1500,1.223872457,1,Yes,No
Ara - 3,2000,1.319766847,1,Yes,No
Ara - 3,2500,1.289302426,1,Yes,No
Ara - 3,3000,1.216232542,1,Yes,No
Ara - 3,3500,1.328281608,1,Yes,No
Ara - 3,4000,1.257748575,1,Yes,No
Ara - 3,4500,1.518238542,1,Yes,No
Ara - 3,5000,1.338787582,1,Yes,No
Ara - 3,6000,1.329391587,1,Yes,No
Ara - 3,7000,1.375051729,1,Yes,No
Ara - 3,8000,1.481077478,1,Yes,No
Ara - 3,9000,1.525918024,1,Yes,No
Ara - 3,10000,1.559995298,1,Yes,No
Ara - 3,11000,1.438600757,1,Yes,No
Ara - 3,12000,1.52766249,1,Yes,No
Ara - 3,13000,1.45868598,1,Yes,No
Ara - 3,14000,1.41941221,1,Yes,No
Ara - 3,15000,1.559830384,1,Yes,No
Ara - 3,16000,1.531197828,1,Yes,No
Ara - 3,17000,1.44182585,1,Yes,No
Ara - 3,18000,1.465081148,1,Yes,No
Ara - 3,19000,1.443043434,1,Yes,No
Ara - 3,20000,1.565324141,1,Yes,No
Ara - 3,22000,1.429505426,1,Yes,No
Ara - 3,24000,1.558260271,1,Yes,No
Ara - 3,26000,1.707146844,1,Yes,No
Ara - 3,28000,1.559832685,1,Yes,No
Ara - 3,30000,1.524713248,1,Yes,No
Ara - 3,32000,1.528985451,1,Yes,No
Ara - 3,0,1.108827463,1,Yes,No
Ara - 3,0,0.914894045,2,Yes,No
Ara - 3,500,1.086330241,2,Yes,No
Ara - 3,1000,1.080107248,2,Yes,No
Ara - 3,1500,1.243262586,2,Yes,No
Ara - 3,2000,1.151368603,2,Yes,No
Ara - 3,2500,1.205525096,2,Yes,No
Ara - 3,3000,1.269047337,2,Yes,No
Ara - 3,3500,1.520041248,2,Yes,No
Ara - 3,4000,1.226630172,2,Yes,No
Ara - 3,4500,1.187303682,2,Yes,No
Ara - 3,5000,1.223327194,2,Yes,No
Ara - 3,6000,1.375998602,2,Yes,No
Ara - 3,7000,1.364764955,2,Yes,No
Ara - 3,8000,1.309898152,2,Yes,No
Ara - 3,9000,1.176019175,2,Yes,No
Ara - 3,10000,1.569642931,2,Yes,No
Ara - 3,11000,1.23940319,2,Yes,No
Ara - 3,12000,1.522159528,2,Yes,No
Ara - 3,13000,1.281217178,2,Yes,No
Ara - 3,14000,1.58004025,2,Yes,No
Ara - 3,15000,1.444660144,2,Yes,No
Ara - 3,16000,1.63702735,2,Yes,No
Ara - 3,17000,1.442127594,2,Yes,No
Ara - 3,18000,1.778119764,2,Yes,No
Ara - 3,19000,1.403652765,2,Yes,No
Ara - 3,20000,1.641967938,2,Yes,No
Ara - 3,22000,1.428117937,2,Yes,No
Ara - 3,24000,1.444575509,2,Yes,No
Ara - 3,26000,1.274394055,2,Yes,No
Ara - 3,28000,1.394210208,2,Yes,No
Ara - 3,30000,1.378811311,2,Yes,No
Ara - 3,32000,1.674859195,2,Yes,No
Ara - 3,0,1.018061454,2,Yes,No
Ara - 4,0,0.954354564,1,Yes,Yes
Ara - 4,500,1.044084318,1,Yes,Yes
Ara - 4,1000,1.064112133,1,Yes,Yes
Ara - 4,1500,1.223186682,1,Yes,Yes
Ara - 4,2000,1.230298674,1,Yes,Yes
Ara - 4,2500,1.203199195,1,Yes,Yes
Ara - 4,3000,1.313983429,1,Yes,Yes
Ara - 4,3500,1.336797252,1,Yes,Yes
Ara - 4,4000,1.24953892,1,Yes,Yes
Ara - 4,4500,1.192322994,1,Yes,Yes
Ara - 4,5000,1.39864017,1,Yes,Yes
Ara - 4,6000,1.303600289,1,Yes,Yes
Ara - 4,7000,1.553661201,1,Yes,Yes
Ara - 4,8000,1.572378285,1,Yes,Yes
Ara - 4,9000,1.511467346,1,Yes,Yes
Ara - 4,10000,1.728378475,1,Yes,Yes
Ara - 4,11000,1.610831576,1,Yes,Yes
Ara - 4,12000,1.393587835,1,Yes,Yes
Ara - 4,13000,1.468401868,1,Yes,Yes
Ara - 4,14000,1.531964146,1,Yes,Yes
Ara - 4,15000,1.587667785,1,Yes,Yes
Ara - 4,16000,2.147609657,1,Yes,Yes
Ara - 4,17000,1.498833411,1,Yes,Yes
Ara - 4,18000,2.207130554,1,Yes,Yes
Ara - 4,19000,1.808337118,1,Yes,Yes
Ara - 4,20000,1.789386118,1,Yes,Yes
Ara - 4,22000,1.457239719,1,Yes,Yes
Ara - 4,24000,1.530304977,1,Yes,Yes
Ara - 4,26000,1.651984982,1,Yes,Yes
Ara - 4,28000,1.491485714,1,Yes,Yes
Ara - 4,30000,1.585802569,1,Yes,Yes
Ara - 4,32000,1.557624707,1,Yes,Yes
Ara - 4,34000,1.802030888,1,Yes,Yes
Ara - 4,36000,1.547651771,1,Yes,Yes
Ara - 4,38000,1.72633614,1,Yes,Yes
Ara - 4,40000,2.071717057,1,Yes,Yes
Ara - 4,42000,1.432253648,1,Yes,Yes
Ara - 4,44000,1.724120427,1,Yes,Yes
Ara - 4,46000,1.707706969,1,Yes,Yes
Ara - 4,48000,1.919745837,1,Yes,Yes
Ara - 4,50000,1.827779792,1,Yes,Yes
Ara - 4,0,0.954791786,1,Yes,Yes
Ara - 4,0,0.960754344,2,Yes,Yes
Ara - 4,500,1.073426776,2,Yes,Yes
Ara - 4,1000,1.082200106,2,Yes,Yes
Ara - 4,1500,1.172261507,2,Yes,Yes
Ara - 4,2000,1.274554337,2,Yes,Yes
Ara - 4,2500,1.244710021,2,Yes,Yes
Ara - 4,3000,1.243572483,2,Yes,Yes
Ara - 4,3500,1.242147911,2,Yes,Yes
Ara - 4,4000,1.502414947,2,Yes,Yes
Ara - 4,4500,1.202252299,2,Yes,Yes
Ara - 4,5000,1.272534958,2,Yes,Yes
Ara - 4,6000,1.331347164,2,Yes,Yes
Ara - 4,7000,1.437711014,2,Yes,Yes
Ara - 4,8000,1.225525001,2,Yes,Yes
Ara - 4,9000,1.536209561,2,Yes,Yes
Ara - 4,10000,1.569862802,2,Yes,Yes
Ara - 4,11000,1.489977786,2,Yes,Yes
Ara - 4,12000,1.426882148,2,Yes,Yes
Ara - 4,13000,1.54413462,2,Yes,Yes
Ara - 4,14000,1.454417887,2,Yes,Yes
Ara - 4,15000,1.596162865,2,Yes,Yes
Ara - 4,16000,1.56413043,2,Yes,Yes
Ara - 4,17000,1.642546787,2,Yes,Yes
Ara - 4,18000,1.492001481,2,Yes,Yes
Ara - 4,19000,1.383239172,2,Yes,Yes
Ara - 4,20000,1.6692926,2,Yes,Yes
Ara - 4,22000,1.473478497,2,Yes,Yes
Ara - 4,24000,1.48876689,2,Yes,Yes
Ara - 4,26000,1.972371732,2,Yes,Yes
Ara - 4,28000,1.519994867,2,Yes,Yes
Ara - 4,30000,1.443054703,2,Yes,Yes
Ara - 4,32000,1.892632505,2,Yes,Yes
Ara - 4,34000,1.675874168,2,Yes,Yes
Ara - 4,36000,1.56743557,2,Yes,Yes
Ara - 4,38000,1.757134634,2,Yes,Yes
Ara - 4,40000,1.970939398,2,Yes,Yes
Ara - 4,42000,1.596114924,2,Yes,Yes
Ara - 4,44000,1.666787003,2,Yes,Yes
Ara - 4,46000,1.647631778,2,Yes,Yes
Ara - 4,48000,1.945840516,2,Yes,Yes
Ara - 4,50000,1.789019463,2,Yes,Yes
Ara - 4,0,0.921538147,2,Yes,Yes
Ara - 5,0,0.967017298,1,No,Yes
Ara - 5,500,1.048494197,1,No,Yes
Ara - 5,1000,1.120402508,1,No,Yes
Ara - 5,1500,1.222847994,1,No,Yes
Ara - 5,2000,1.279569341,1,No,Yes
Ara - 5,2500,1.275292811,1,No,Yes
Ara - 5,3000,1.256138006,1,No,Yes
Ara - 5,3500,1.237262637,1,No,Yes
Ara - 5,4000,1.333634002,1,No,Yes
Ara - 5,4500,1.394304139,1,No,Yes
Ara - 5,5000,1.302729306,1,No,Yes
Ara - 5,6000,1.212472691,1,No,Yes
Ara - 5,7000,1.272014448,1,No,Yes
Ara - 5,8000,1.387915896,1,No,Yes
Ara - 5,9000,1.541765187,1,No,Yes
Ara - 5,10000,1.402804047,1,No,Yes
Ara - 5,11000,1.430635827,1,No,Yes
Ara - 5,12000,1.451636114,1,No,Yes
Ara - 5,13000,1.38994839,1,No,Yes
Ara - 5,14000,1.414327853,1,No,Yes
Ara - 5,15000,1.560270566,1,No,Yes
Ara - 5,16000,1.379865284,1,No,Yes
Ara - 5,17000,1.417217914,1,No,Yes
Ara - 5,18000,1.419150036,1,No,Yes
Ara - 5,19000,1.438313065,1,No,Yes
Ara - 5,20000,1.527682449,1,No,Yes
Ara - 5,22000,1.409438209,1,No,Yes
Ara - 5,24000,1.474751851,1,No,Yes
Ara - 5,26000,1.570509444,1,No,Yes
Ara - 5,28000,1.554470874,1,No,Yes
Ara - 5,30000,1.524333315,1,No,Yes
Ara - 5,32000,1.477241407,1,No,Yes
Ara - 5,34000,1.655810441,1,No,Yes
Ara - 5,36000,1.720675945,1,No,Yes
Ara - 5,38000,1.411245304,1,No,Yes
Ara - 5,40000,1.813556261,1,No,Yes
Ara - 5,42000,1.695932797,1,No,Yes
Ara - 5,44000,1.406564239,1,No,Yes
Ara - 5,46000,1.54319185,1,No,Yes
Ara - 5,48000,1.814884206,1,No,Yes
Ara - 5,50000,1.596909078,1,No,Yes
Ara - 5,0,0.995414126,1,No,Yes
Ara - 5,0,0.994760947,1,No,Yes
Ara - 5,0,0.942104278,1,No,Yes
Ara - 5,0,1.078709242,1,No,Yes
Ara - 5,0,1.015795466,2,No,Yes
Ara - 5,500,1.106462648,2,No,Yes
Ara - 5,1000,1.137793098,2,No,Yes
Ara - 5,1500,1.266914188,2,No,Yes
Ara - 5,2000,1.170603815,2,No,Yes
Ara - 5,2500,1.366243945,2,No,Yes
Ara - 5,3000,1.274599628,2,No,Yes
Ara - 5,3500,1.299668413,2,No,Yes
Ara - 5,4000,1.386869881,2,No,Yes
Ara - 5,4500,1.325955036,2,No,Yes
Ara - 5,5000,1.326271793,2,No,Yes
Ara - 5,6000,1.311522025,2,No,Yes
Ara - 5,7000,1.476131761,2,No,Yes
Ara - 5,8000,1.346008074,2,No,Yes
Ara - 5,9000,1.411910905,2,No,Yes
Ara - 5,10000,1.218149646,2,No,Yes
Ara - 5,11000,1.423663227,2,No,Yes
Ara - 5,12000,1.373870311,2,No,Yes
Ara - 5,13000,1.523376967,2,No,Yes
Ara - 5,14000,1.445266218,2,No,Yes
Ara - 5,15000,1.439006083,2,No,Yes
Ara - 5,16000,1.357597169,2,No,Yes
Ara - 5,17000,1.443282545,2,No,Yes
Ara - 5,18000,1.650621915,2,No,Yes
Ara - 5,19000,1.483012184,2,No,Yes
Ara - 5,20000,1.484541324,2,No,Yes
Ara - 5,22000,1.456233928,2,No,Yes
Ara - 5,24000,1.43444249,2,No,Yes
Ara - 5,26000,1.378435074,2,No,Yes
Ara - 5,28000,1.57261506,2,No,Yes
Ara - 5,30000,1.508367517,2,No,Yes
Ara - 5,32000,1.594425043,2,No,Yes
Ara - 5,34000,1.650650842,2,No,Yes
Ara - 5,36000,1.557030419,2,No,Yes
Ara - 5,38000,1.607661605,2,No,Yes
Ara - 5,40000,1.656298623,2,No,Yes
Ara - 5,42000,1.655585258,2,No,Yes
Ara - 5,44000,1.620322378,2,No,Yes
Ara - 5,46000,1.755263929,2,No,Yes
Ara - 5,48000,1.457997886,2,No,Yes
Ara - 5,50000,1.714844477,2,No,Yes
Ara - 5,0,0.99006516,2,No,Yes
Ara - 5,0,1.002885617,2,No,Yes
Ara - 5,0,0.928822264,2,No,Yes
Ara - 6,0,1.015241899,1,No,Yes
Ara - 6,500,1.000916811,1,No,Yes
Ara - 6,1000,1.189653341,1,No,Yes
Ara - 6,1500,1.381158471,1,No,Yes
Ara - 6,2000,1.207609813,1,No,Yes
Ara - 6,2500,1.191552863,1,No,Yes
Ara - 6,3000,1.125945598,1,No,Yes
Ara - 6,3500,1.338374986,1,No,Yes
Ara - 6,4000,1.261558373,1,No,Yes
Ara - 6,4500,1.130060948,1,No,Yes
Ara - 6,5000,1.17041062,1,No,Yes
Ara - 6,6000,1.261213469,1,No,Yes
Ara - 6,7000,1.262367645,1,No,Yes
Ara - 6,8000,1.181752396,1,No,Yes
Ara - 6,9000,1.200046345,1,No,Yes
Ara - 6,10000,1.391138018,1,No,Yes
Ara - 6,11000,1.232227851,1,No,Yes
Ara - 6,12000,1.23566476,1,No,Yes
Ara - 6,13000,1.286744308,1,No,Yes
Ara - 6,14000,1.338091052,1,No,Yes
Ara - 6,15000,1.218985492,1,No,Yes
Ara - 6,16000,1.329312029,1,No,Yes
Ara - 6,17000,1.407464457,1,No,Yes
Ara - 6,18000,1.26867173,1,No,Yes
Ara - 6,19000,1.290635219,1,No,Yes
Ara - 6,20000,1.095535262,1,No,Yes
Ara - 6,22000,1.207100174,1,No,Yes
Ara - 6,24000,1.394360293,1,No,Yes
Ara - 6,26000,1.333308509,1,No,Yes
Ara - 6,28000,1.221932683,1,No,Yes
Ara - 6,30000,1.370570731,1,No,Yes
Ara - 6,32000,1.397702678,1,No,Yes
Ara - 6,34000,1.380785806,1,No,Yes
Ara - 6,36000,1.440797822,1,No,Yes
Ara - 6,38000,1.567097498,1,No,Yes
Ara - 6,40000,1.472086563,1,No,Yes
Ara - 6,42000,1.408077471,1,No,Yes
Ara - 6,44000,1.54584827,1,No,Yes
Ara - 6,46000,1.450946779,1,No,Yes
Ara - 6,48000,1.337691946,1,No,Yes
Ara - 6,50000,1.377959068,1,No,Yes
Ara - 6,0,0.973149391,1,No,Yes
Ara - 6,0,1.036440959,2,No,Yes
Ara - 6,500,1.170422594,2,No,Yes
Ara - 6,1000,1.154728854,2,No,Yes
Ara - 6,1500,1.24734687,2,No,Yes
Ara - 6,2000,1.266805021,2,No,Yes
Ara - 6,2500,1.193168812,2,No,Yes
Ara - 6,3000,1.313463627,2,No,Yes
Ara - 6,3500,1.435631589,2,No,Yes
Ara - 6,4000,1.416185162,2,No,Yes
Ara - 6,4500,1.215865403,2,No,Yes
Ara - 6,5000,1.242862495,2,No,Yes
Ara - 6,6000,1.419245779,2,No,Yes
Ara - 6,7000,1.201926408,2,No,Yes
Ara - 6,8000,1.460939302,2,No,Yes
Ara - 6,9000,1.612429948,2,No,Yes
Ara - 6,10000,1.437553437,2,No,Yes
Ara - 6,11000,1.349332817,2,No,Yes
Ara - 6,12000,1.359414443,2,No,Yes
Ara - 6,13000,1.674250577,2,No,Yes
Ara - 6,14000,1.594789826,2,No,Yes
Ara - 6,15000,1.493473873,2,No,Yes
Ara - 6,16000,1.499591737,2,No,Yes
Ara - 6,17000,1.416236763,2,No,Yes
Ara - 6,18000,1.677706572,2,No,Yes
Ara - 6,19000,1.456403017,2,No,Yes
Ara - 6,20000,1.377242014,2,No,Yes
Ara - 6,22000,1.616634905,2,No,Yes
Ara - 6,24000,1.544080943,2,No,Yes
Ara - 6,26000,1.550795127,2,No,Yes
Ara - 6,28000,1.740136944,2,No,Yes
Ara - 6,30000,1.49320614,2,No,Yes
Ara - 6,32000,1.971031027,2,No,Yes
Ara - 6,34000,1.51573796,2,No,Yes
Ara - 6,36000,1.773599747,2,No,Yes
Ara - 6,38000,1.658153589,2,No,Yes
Ara - 6,40000,1.975563195,2,No,Yes
Ara - 6,42000,1.742195714,2,No,Yes
Ara - 6,44000,1.757738514,2,No,Yes
Ara - 6,46000,1.767496941,2,No,Yes
Ara - 6,48000,1.83914945,2,No,Yes
Ara - 6,50000,1.568437054,2,No,Yes
Ara - 6,0,0.927431145,2,No,Yes
Ara + 1,0,0.852421349,1,No,Yes
Ara + 1,500,1.126877015,1,No,Yes
Ara + 1,1000,1.343219196,1,No,Yes
Ara + 1,1500,1.330705753,1,No,Yes
Ara + 1,2000,1.246523184,1,No,Yes
Ara + 1,2500,1.326987875,1,No,Yes
Ara + 1,3000,1.381057891,1,No,Yes
Ara + 1,3500,1.326271082,1,No,Yes
Ara + 1,4000,1.206424489,1,No,Yes
Ara + 1,4500,1.395211651,1,No,Yes
Ara + 1,5000,1.234731134,1,No,Yes
Ara + 1,6000,1.384902201,1,No,Yes
Ara + 1,7000,1.390589906,1,No,Yes
Ara + 1,8000,1.335649843,1,No,Yes
Ara + 1,9000,1.45033001,1,No,Yes
Ara + 1,10000,1.146425471,1,No,Yes
Ara + 1,11000,1.285958647,1,No,Yes
Ara + 1,12000,1.354359804,1,No,Yes
Ara + 1,13000,1.442011665,1,No,Yes
Ara + 1,14000,1.263325281,1,No,Yes
Ara + 1,15000,1.461317089,1,No,Yes
Ara + 1,16000,1.375525227,1,No,Yes
Ara + 1,17000,1.244291513,1,No,Yes
Ara + 1,18000,1.475574377,1,No,Yes
Ara + 1,19000,1.662647682,1,No,Yes
Ara + 1,20000,1.573197291,1,No,Yes
Ara + 1,22000,1.520314132,1,No,Yes
Ara + 1,24000,1.681351219,1,No,Yes
Ara + 1,26000,1.41326745,1,No,Yes
Ara + 1,28000,1.419912605,1,No,Yes
Ara + 1,30000,1.480793239,1,No,Yes
Ara + 1,32000,1.46099182,1,No,Yes
Ara + 1,34000,1.236449391,1,No,Yes
Ara + 1,36000,1.507959987,1,No,Yes
Ara + 1,38000,1.750074539,1,No,Yes
Ara + 1,40000,1.578294876,1,No,Yes
Ara + 1,42000,1.471373355,1,No,Yes
Ara + 1,44000,1.413187544,1,No,Yes
Ara + 1,46000,1.579668826,1,No,Yes
Ara + 1,48000,1.441558436,1,No,Yes
Ara + 1,50000,1.411938831,1,No,Yes
Ara + 1,0,0.95939959,1,No,Yes
Ara + 1,0,0.999225891,2,No,Yes
Ara + 1,500,1.092397533,2,No,Yes
Ara + 1,1000,1.248589079,2,No,Yes
Ara + 1,1500,1.116313849,2,No,Yes
Ara + 1,2000,1.233686994,2,No,Yes
Ara + 1,2500,1.379377549,2,No,Yes
Ara + 1,3000,1.255767926,2,No,Yes
Ara + 1,3500,1.230697933,2,No,Yes
Ara + 1,4000,1.312679174,2,No,Yes
Ara + 1,4500,1.294177278,2,No,Yes
Ara + 1,5000,1.198675588,2,No,Yes
Ara + 1,6000,1.357052896,2,No,Yes
Ara + 1,7000,1.239605372,2,No,Yes
Ara + 1,8000,1.371479209,2,No,Yes
Ara + 1,9000,1.376229423,2,No,Yes
Ara + 1,10000,1.420344721,2,No,Yes
Ara + 1,11000,1.441739018,2,No,Yes
Ara + 1,12000,1.360626692,2,No,Yes
Ara + 1,13000,1.406748369,2,No,Yes
Ara + 1,14000,1.510156664,2,No,Yes
Ara + 1,15000,1.524207996,2,No,Yes
Ara + 1,16000,1.417227627,2,No,Yes
Ara + 1,17000,1.414669387,2,No,Yes
Ara + 1,18000,1.482780427,2,No,Yes
Ara + 1,19000,1.500429769,2,No,Yes
Ara + 1,20000,1.437789729,2,No,Yes
Ara + 1,22000,1.343473359,2,No,Yes
Ara + 1,24000,1.340519117,2,No,Yes
Ara + 1,26000,1.475819087,2,No,Yes
Ara + 1,28000,1.401356969,2,No,Yes
Ara + 1,30000,1.384709353,2,No,Yes
Ara + 1,32000,1.537380065,2,No,Yes
Ara + 1,34000,1.48024185,2,No,Yes
Ara + 1,36000,1.494901783,2,No,Yes
Ara + 1,38000,1.466253128,2,No,Yes
Ara + 1,40000,1.452831991,2,No,Yes
Ara + 1,42000,1.410898012,2,No,Yes
Ara + 1,44000,1.403630289,2,No,Yes
Ara + 1,46000,1.699027101,2,No,Yes
Ara + 1,48000,1.616063561,2,No,Yes
Ara + 1,50000,1.400107896,2,No,Yes
Ara + 1,0,0.955754293,2,No,Yes
Ara + 2,0,1.002709319,1,No,Yes
Ara + 2,500,1.226021784,1,No,Yes
Ara + 2,1000,1.176384576,1,No,Yes
Ara + 2,1500,1.307650192,1,No,Yes
Ara + 2,2000,1.227082115,1,No,Yes
Ara + 2,2500,1.47657319,1,No,Yes
Ara + 2,3000,1.476907422,1,No,Yes
Ara + 2,3500,1.335798987,1,No,Yes
Ara + 2,4000,1.545877636,1,No,Yes
Ara + 2,4500,1.568123188,1,No,Yes
Ara + 2,5000,1.442124387,1,No,Yes
Ara + 2,6000,1.627854837,1,No,Yes
Ara + 2,7000,1.515822646,1,No,Yes
Ara + 2,8000,1.416221252,1,No,Yes
Ara + 2,9000,1.36341161,1,No,Yes
Ara + 2,10000,1.444342176,1,No,Yes
Ara + 2,11000,1.511077213,1,No,Yes
Ara + 2,12000,1.484331696,1,No,Yes
Ara + 2,13000,1.645274241,1,No,Yes
Ara + 2,14000,1.533326051,1,No,Yes
Ara + 2,15000,1.502209634,1,No,Yes
Ara + 2,16000,1.614023404,1,No,Yes
Ara + 2,17000,1.417690246,1,No,Yes
Ara + 2,18000,2.114878996,1,No,Yes
Ara + 2,19000,1.428340257,1,No,Yes
Ara + 2,20000,1.701872035,1,No,Yes
Ara + 2,22000,1.642031981,1,No,Yes
Ara + 2,24000,1.690427638,1,No,Yes
Ara + 2,26000,1.627699757,1,No,Yes
Ara + 2,28000,1.695214075,1,No,Yes
Ara + 2,30000,1.52807272,1,No,Yes
Ara + 2,32000,1.676400396,1,No,Yes
Ara + 2,34000,1.673596848,1,No,Yes
Ara + 2,36000,1.897560507,1,No,Yes
Ara + 2,38000,1.946033078,1,No,Yes
Ara + 2,40000,1.878384815,1,No,Yes
Ara + 2,42000,1.725967248,1,No,Yes
Ara + 2,44000,1.766328056,1,No,Yes
Ara + 2,46000,1.855450837,1,No,Yes
Ara + 2,48000,2.029119289,1,No,Yes
Ara + 2,50000,2.407196019,1,No,Yes
Ara + 2,0,0.994725756,1,No,Yes
Ara + 2,0,1.003369067,2,No,Yes
Ara + 2,500,1.24886889,2,No,Yes
Ara + 2,1000,1.314800287,2,No,Yes
Ara + 2,1500,1.261592723,2,No,Yes
Ara + 2,2000,1.540659255,2,No,Yes
Ara + 2,2500,1.343968951,2,No,Yes
Ara + 2,3000,1.420325571,2,No,Yes
Ara + 2,3500,1.449278407,2,No,Yes
Ara + 2,4000,1.460146621,2,No,Yes
Ara + 2,4500,1.52139744,2,No,Yes
Ara + 2,5000,1.485087323,2,No,Yes
Ara + 2,6000,1.382734319,2,No,Yes
Ara + 2,7000,1.669555707,2,No,Yes
Ara + 2,8000,1.891599589,2,No,Yes
Ara + 2,9000,1.841719442,2,No,Yes
Ara + 2,10000,1.527424832,2,No,Yes
Ara + 2,11000,1.235657568,2,No,Yes
Ara + 2,12000,1.587364437,2,No,Yes
Ara + 2,13000,1.280000291,2,No,Yes
Ara + 2,14000,1.362722152,2,No,Yes
Ara + 2,15000,1.32490531,2,No,Yes
Ara + 2,16000,1.479516936,2,No,Yes
Ara + 2,17000,1.822856615,2,No,Yes
Ara + 2,18000,1.507046682,2,No,Yes
Ara + 2,19000,1.352557076,2,No,Yes
Ara + 2,20000,1.670776633,2,No,Yes
Ara + 2,22000,2.023078899,2,No,Yes
Ara + 2,24000,1.884111281,2,No,Yes
Ara + 2,26000,1.489939826,2,No,Yes
Ara + 2,28000,1.75258151,2,No,Yes
Ara + 2,30000,1.857248274,2,No,Yes
Ara + 2,32000,1.745017781,2,No,Yes
Ara + 2,34000,1.521196989,2,No,Yes
Ara + 2,36000,1.585403854,2,No,Yes
Ara + 2,38000,2.111770802,2,No,Yes
Ara + 2,40000,1.552355616,2,No,Yes
Ara + 2,42000,1.594566396,2,No,Yes
Ara + 2,44000,2.0739171,2,No,Yes
Ara + 2,46000,1.602552547,2,No,Yes
Ara + 2,48000,1.710572156,2,No,Yes
Ara + 2,50000,1.804382965,2,No,Yes
Ara + 2,0,0.983721709,2,No,Yes
Ara + 3,0,1.029280232,1,Yes,Yes
Ara + 3,500,1.174524019,1,Yes,Yes
Ara + 3,1000,1.221157304,1,Yes,Yes
Ara + 3,1500,1.1295296,1,Yes,Yes
Ara + 3,2000,1.104296439,1,Yes,Yes
Ara + 3,2500,1.310648384,1,Yes,Yes
Ara + 3,3000,1.272731344,1,Yes,Yes
Ara + 3,3500,1.255328607,1,Yes,Yes
Ara + 3,4000,1.452481627,1,Yes,Yes
Ara + 3,4500,1.457664864,1,Yes,Yes
Ara + 3,5000,1.51698466,1,Yes,Yes
Ara + 3,6000,1.334222361,1,Yes,Yes
Ara + 3,7000,1.510171327,1,Yes,Yes
Ara + 3,8000,1.638783066,1,Yes,Yes
Ara + 3,9000,1.58206395,1,Yes,Yes
Ara + 3,10000,1.491923606,1,Yes,Yes
Ara + 3,11000,1.551229691,1,Yes,Yes
Ara + 3,12000,1.58569166,1,Yes,Yes
Ara + 3,13000,1.50442539,1,Yes,Yes
Ara + 3,14000,1.476923866,1,Yes,Yes
Ara + 3,15000,1.565498154,1,Yes,Yes
Ara + 3,16000,1.688428327,1,Yes,Yes
Ara + 3,17000,1.692880032,1,Yes,Yes
Ara + 3,18000,1.424121944,1,Yes,Yes
Ara + 3,19000,1.477005418,1,Yes,Yes
Ara + 3,20000,1.519464221,1,Yes,Yes
Ara + 3,22000,1.508716121,1,Yes,Yes
Ara + 3,24000,1.489911523,1,Yes,Yes
Ara + 3,26000,1.345131858,1,Yes,Yes
Ara + 3,28000,1.692557586,1,Yes,Yes
Ara + 3,30000,1.952093287,1,Yes,Yes
Ara + 3,32000,1.715778052,1,Yes,Yes
Ara + 3,34000,1.732110825,1,Yes,Yes
Ara + 3,36000,1.463787367,1,Yes,Yes
Ara + 3,38000,1.844866457,1,Yes,Yes
Ara + 3,40000,1.895187768,1,Yes,Yes
Ara + 3,42000,1.954562804,1,Yes,Yes
Ara + 3,44000,1.701274201,1,Yes,Yes
Ara + 3,46000,1.810872484,1,Yes,Yes
Ara + 3,48000,1.740828956,1,Yes,Yes
Ara + 3,50000,1.653712285,1,Yes,Yes
Ara + 3,0,0.982950742,1,Yes,Yes
Ara + 3,0,0.934470398,2,Yes,Yes
Ara + 3,500,1.16931946,2,Yes,Yes
Ara + 3,1000,1.09267649,2,Yes,Yes
Ara + 3,1500,1.286647198,2,Yes,Yes
Ara + 3,2000,1.480538175,2,Yes,Yes
Ara + 3,2500,1.494726092,2,Yes,Yes
Ara + 3,3000,1.487156639,2,Yes,Yes
Ara + 3,3500,1.370830394,2,Yes,Yes
Ara + 3,4000,1.265000368,2,Yes,Yes
Ara + 3,4500,1.360052931,2,Yes,Yes
Ara + 3,5000,1.338205419,2,Yes,Yes
Ara + 3,6000,1.390723187,2,Yes,Yes
Ara + 3,7000,1.509222942,2,Yes,Yes
Ara + 3,8000,1.5381397,2,Yes,Yes
Ara + 3,9000,1.498939042,2,Yes,Yes
Ara + 3,10000,1.557235619,2,Yes,Yes
Ara + 3,11000,1.799255998,2,Yes,Yes
Ara + 3,12000,1.287470309,2,Yes,Yes
Ara + 3,13000,1.500187928,2,Yes,Yes
Ara + 3,14000,1.701534674,2,Yes,Yes
Ara + 3,15000,1.827045241,2,Yes,Yes
Ara + 3,16000,1.476792833,2,Yes,Yes
Ara + 3,17000,1.585128874,2,Yes,Yes
Ara + 3,18000,1.700669644,2,Yes,Yes
Ara + 3,19000,1.978832585,2,Yes,Yes
Ara + 3,20000,1.632608592,2,Yes,Yes
Ara + 3,22000,1.823920343,2,Yes,Yes
Ara + 3,24000,1.762436454,2,Yes,Yes
Ara + 3,26000,2.168817821,2,Yes,Yes
Ara + 3,28000,1.729349815,2,Yes,Yes
Ara + 3,30000,1.628258143,2,Yes,Yes
Ara + 3,32000,1.383238915,2,Yes,Yes
Ara + 3,34000,1.808891562,2,Yes,Yes
Ara + 3,36000,2.013349674,2,Yes,Yes
Ara + 3,38000,1.766547341,2,Yes,Yes
Ara + 3,40000,1.883275018,2,Yes,Yes
Ara + 3,42000,1.718180359,2,Yes,Yes
Ara + 3,44000,2.195512511,2,Yes,Yes
Ara + 3,46000,1.591299552,2,Yes,Yes
Ara + 3,48000,1.450545868,2,Yes,Yes
Ara + 3,50000,1.954208232,2,Yes,Yes
Ara + 3,0,1.029160192,2,Yes,Yes
Ara + 4,0,0.954731497,1,No,Yes
Ara + 4,500,1.082378147,1,No,Yes
Ara + 4,1000,1.199575384,1,No,Yes
Ara + 4,1500,1.256596334,1,No,Yes
Ara + 4,2000,1.093533991,1,No,Yes
Ara + 4,2500,1.340313126,1,No,Yes
Ara + 4,3000,1.354040998,1,No,Yes
Ara + 4,3500,1.341374968,1,No,Yes
Ara + 4,4000,1.352623211,1,No,Yes
Ara + 4,4500,1.399190021,1,No,Yes
Ara + 4,5000,1.379827066,1,No,Yes
Ara + 4,6000,1.414335094,1,No,Yes
Ara + 4,7000,1.486264343,1,No,Yes
Ara + 4,8000,1.449561506,1,No,Yes
Ara + 4,9000,1.363148581,1,No,Yes
Ara + 4,10000,1.497281654,1,No,Yes
Ara + 4,11000,1.392414776,1,No,Yes
Ara + 4,12000,1.424661919,1,No,Yes
Ara + 4,13000,1.422924403,1,No,Yes
Ara + 4,14000,1.389291859,1,No,Yes
Ara + 4,15000,1.457470695,1,No,Yes
Ara + 4,16000,1.526243248,1,No,Yes
Ara + 4,17000,1.574118782,1,No,Yes
Ara + 4,18000,1.589418569,1,No,Yes
Ara + 4,19000,1.577551585,1,No,Yes
Ara + 4,20000,1.701097482,1,No,Yes
Ara + 4,22000,1.395647377,1,No,Yes
Ara + 4,24000,1.521747999,1,No,Yes
Ara + 4,26000,1.663772097,1,No,Yes
Ara + 4,28000,1.547285333,1,No,Yes
Ara + 4,30000,1.669477013,1,No,Yes
Ara + 4,32000,1.632972411,1,No,Yes
Ara + 4,34000,1.784658365,1,No,Yes
Ara + 4,36000,1.598010337,1,No,Yes
Ara + 4,38000,1.484670261,1,No,Yes
Ara + 4,40000,1.418713859,1,No,Yes
Ara + 4,42000,1.666209486,1,No,Yes
Ara + 4,44000,1.808852018,1,No,Yes
Ara + 4,46000,1.51837518,1,No,Yes
Ara + 4,48000,1.560308094,1,No,Yes
Ara + 4,50000,1.730475022,1,No,Yes
Ara + 4,0,0.992213959,1,No,Yes
Ara + 4,0,1.000460693,2,No,Yes
Ara + 4,500,1.033902831,2,No,Yes
Ara + 4,1000,1.228540849,2,No,Yes
Ara + 4,1500,1.226958647,2,No,Yes
Ara + 4,2000,1.172014379,2,No,Yes
Ara + 4,2500,1.339514269,2,No,Yes
Ara + 4,3000,1.312762593,2,No,Yes
Ara + 4,3500,1.378558362,2,No,Yes
Ara + 4,4000,1.32603895,2,No,Yes
Ara + 4,4500,1.704195005,2,No,Yes
Ara + 4,5000,1.483977534,2,No,Yes
Ara + 4,6000,1.229332293,2,No,Yes
Ara + 4,7000,1.543736103,2,No,Yes
Ara + 4,8000,1.380821722,2,No,Yes
Ara + 4,9000,1.613582598,2,No,Yes
Ara + 4,10000,1.590377391,2,No,Yes
Ara + 4,11000,1.533327361,2,No,Yes
Ara + 4,12000,1.406133584,2,No,Yes
Ara + 4,13000,1.410912974,2,No,Yes
Ara + 4,14000,1.535098542,2,No,Yes
Ara + 4,15000,1.740406243,2,No,Yes
Ara + 4,16000,1.556528404,2,No,Yes
Ara + 4,17000,1.521664416,2,No,Yes
Ara + 4,18000,1.691077376,2,No,Yes
Ara + 4,19000,1.83458679,2,No,Yes
Ara + 4,20000,1.549642833,2,No,Yes
Ara + 4,22000,1.632619908,2,No,Yes
Ara + 4,24000,1.440197985,2,No,Yes
Ara + 4,26000,1.44041209,2,No,Yes
Ara + 4,28000,1.761989165,2,No,Yes
Ara + 4,30000,1.841552716,2,No,Yes
Ara + 4,32000,2.021976196,2,No,Yes
Ara + 4,34000,1.635146218,2,No,Yes
Ara + 4,36000,1.815989294,2,No,Yes
Ara + 4,38000,1.830945393,2,No,Yes
Ara + 4,40000,1.910979888,2,No,Yes
Ara + 4,42000,1.637245154,2,No,Yes
Ara + 4,44000,2.004562926,2,No,Yes
Ara + 4,46000,1.426387317,2,No,Yes
Ara + 4,48000,1.656391061,2,No,Yes
Ara + 4,50000,1.620731375,2,No,Yes
Ara + 4,0,0.964306696,2,No,Yes
Ara + 5,0,1.010628515,1,No,Yes
Ara + 5,500,1.126556966,1,No,Yes
Ara + 5,1000,1.284944788,1,No,Yes
Ara + 5,1500,1.42154427,1,No,Yes
Ara + 5,2000,1.314553092,1,No,Yes
Ara + 5,2500,1.281716382,1,No,Yes
Ara + 5,3000,1.394935075,1,No,Yes
Ara + 5,3500,1.387533647,1,No,Yes
Ara + 5,4000,1.40464627,1,No,Yes
Ara + 5,4500,1.325465178,1,No,Yes
Ara + 5,5000,1.450793914,1,No,Yes
Ara + 5,6000,1.408540469,1,No,Yes
Ara + 5,7000,1.461336947,1,No,Yes
Ara + 5,8000,1.482183668,1,No,Yes
Ara + 5,9000,1.461151811,1,No,Yes
Ara + 5,10000,1.61628765,1,No,Yes
Ara + 5,11000,1.39396899,1,No,Yes
Ara + 5,12000,1.6023181,1,No,Yes
Ara + 5,13000,1.570016818,1,No,Yes
Ara + 5,14000,1.504730156,1,No,Yes
Ara + 5,15000,1.656458531,1,No,Yes
Ara + 5,16000,1.576591489,1,No,Yes
Ara + 5,17000,1.491607342,1,No,Yes
Ara + 5,18000,1.513676092,1,No,Yes
Ara + 5,19000,1.59095395,1,No,Yes
Ara + 5,20000,1.423037473,1,No,Yes
Ara + 5,22000,1.762665061,1,No,Yes
Ara + 5,24000,1.541282378,1,No,Yes
Ara + 5,26000,1.691229908,1,No,Yes
Ara + 5,28000,1.581706409,1,No,Yes
Ara + 5,30000,1.647077679,1,No,Yes
Ara + 5,32000,1.600757926,1,No,Yes
Ara + 5,34000,1.759620676,1,No,Yes
Ara + 5,36000,1.744573009,1,No,Yes
Ara + 5,38000,1.746965756,1,No,Yes
Ara + 5,40000,1.502844241,1,No,Yes
Ara + 5,42000,1.419466728,1,No,Yes
Ara + 5,44000,1.685885401,1,No,Yes
Ara + 5,46000,1.499109444,1,No,Yes
Ara + 5,48000,1.966734842,1,No,Yes
Ara + 5,50000,1.68653649,1,No,Yes
Ara + 5,0,1.004323671,1,No,Yes
Ara + 5,0,0.997509555,2,No,Yes
Ara + 5,500,1.120052556,2,No,Yes
Ara + 5,1000,1.165207088,2,No,Yes
Ara + 5,1500,1.190604773,2,No,Yes
Ara + 5,2000,1.311594039,2,No,Yes
Ara + 5,2500,1.547419605,2,No,Yes
Ara + 5,3000,1.488148104,2,No,Yes
Ara + 5,3500,1.418536725,2,No,Yes
Ara + 5,4000,1.431431625,2,No,Yes
Ara + 5,4500,1.346993454,2,No,Yes
Ara + 5,5000,1.487472345,2,No,Yes
Ara + 5,6000,1.612216159,2,No,Yes
Ara + 5,7000,1.325398485,2,No,Yes
Ara + 5,8000,1.691095093,2,No,Yes
Ara + 5,9000,1.442350767,2,No,Yes
Ara + 5,10000,1.415869732,2,No,Yes
Ara + 5,11000,1.558583849,2,No,Yes
Ara + 5,12000,1.417933967,2,No,Yes
Ara + 5,13000,1.506873279,2,No,Yes
Ara + 5,14000,1.695345992,2,No,Yes
Ara + 5,15000,1.53257656,2,No,Yes
Ara + 5,16000,1.499201552,2,No,Yes
Ara + 5,17000,1.808246516,2,No,Yes
Ara + 5,18000,1.541780871,2,No,Yes
Ara + 5,19000,1.549458681,2,No,Yes
Ara + 5,20000,1.533049658,2,No,Yes
Ara + 5,22000,1.647809248,2,No,Yes
Ara + 5,24000,1.823763756,2,No,Yes
Ara + 5,26000,1.972772454,2,No,Yes
Ara + 5,28000,1.604979829,2,No,Yes
Ara + 5,30000,1.659272929,2,No,Yes
Ara + 5,34000,1.836046109,2,No,Yes
Ara + 5,36000,1.432760521,2,No,Yes
Ara + 5,38000,1.635104219,2,No,Yes
Ara + 5,40000,1.694134639,2,No,Yes
Ara + 5,42000,1.859747766,2,No,Yes
Ara + 5,44000,1.389438988,2,No,Yes
Ara + 5,46000,1.451779678,2,No,Yes
Ara + 5,48000,1.560016556,2,No,Yes
Ara + 5,50000,1.62875463,2,No,Yes
Ara + 5,0,0.959256001,2,No,Yes
Ara + 6,0,1.000325485,1,Yes,No
Ara + 6,500,1.214813572,1,Yes,No
Ara + 6,1000,1.124937013,1,Yes,No
Ara + 6,1500,1.268719002,1,Yes,No
Ara + 6,2000,1.146848565,1,Yes,No
Ara + 6,2500,1.446485673,1,Yes,No
Ara + 6,3000,1.429570254,1,Yes,No
Ara + 6,3500,1.272107229,1,Yes,No
Ara + 6,4000,1.496216604,1,Yes,No
Ara + 6,0,0.97825842,2,Yes,No
Ara + 6,500,1.142520695,2,Yes,No
Ara + 6,1000,1.175692384,2,Yes,No
Ara + 6,1500,1.171991001,2,Yes,No
Ara + 6,2000,1.309621667,2,Yes,No
Ara + 6,2500,1.321058187,2,Yes,No
Ara + 6,3000,1.178213143,2,Yes,No
Ara + 6,3500,1.377367849,2,Yes,No
Ara + 6,4000,1.292656789,2,Yes,No
Ara + 6,0,0.87541616,3,Yes,No
Ara + 6,500,1.143438395,3,Yes,No
Ara + 6,1000,1.180977691,3,Yes,No
Ara + 6,1500,1.208332462,3,Yes,No
Ara + 6,2000,1.255968154,3,Yes,No
Ara + 6,2500,1.235188316,3,Yes,No
Ara + 6,3000,1.132718313,3,Yes,No
Ara + 6,3500,1.215347078,3,Yes,No
Ara + 6,4000,1.321233738,3,Yes,No
Ara + 6,0,0.990788954,4,Yes,No
Ara + 6,500,1.154147258,4,Yes,No
Ara + 6,1000,1.197968487,4,Yes,No
Ara + 6,1500,1.129612373,4,Yes,No
Ara + 6,2000,1.165348647,4,Yes,No
Ara + 6,2500,1.300349516,4,Yes,No
Ara + 6,3000,1.288319166,4,Yes,No
Ara + 6,3500,1.293605987,4,Yes,No
Ara + 6,4000,1.322128058,4,Yes,No
