pop,gene,pos,allele,annotation,max_freq
m1,mokC,16972,MOB_16972_16974_IS150_1,sv,1.0
m1,thrA,1615,T->G,missense,1.0
m1,rihC,31535,T->G,missense,1.0
m1,caiD,39986,T->G,missense,1.0
m1,intergenic,46353,T->C,noncoding,1.0
m1,apaG,55552,T->G,missense,1.0
m1,surA,58701,A->C,missense,1.0
m1,imp,59693,A->C,missense,1.0
m1,polB,67987,T->G,missense,1.0
m1,araA,70484,A->C,missense,1.0
m1,tbpA,77408,A->C,missense,1.0
m1,ilvI,90037,T->G,missense,1.0
m1,murG,103062,T->G,synonymous,1.0
m1,mutT,114028,indel;+C;+G;C;-1;G,indel,1.0
m1,guaC,116302,A->C,missense,1.0
m1,cueO,140021,A->C,missense,1.0
m1,yadG,145773,A->C,synonymous,1.0
m1,yadG,146285,A->C,missense,1.0
m1,htrE,156770,A->C,missense,1.0
m1,pcnB,161041,T->G,missense,1.0
m1,yadQ,178875,A->C,synonymous,1.0
m1,degP,184644,A->C,missense,1.0
m1,ldcC,214405,A->C,missense,1.0
m1,yaeR,214869,A->C,missense,1.0
m1,cutF,218211,A->C,missense,1.0
m1,intergenic,253813,A->C,noncoding,1.0
m1,ykgF,295469,T->G,missense,1.0
m1,yahG,311852,A->C,missense,1.0
m1,yahI,312970,A->C,missense,1.0
m1,yahJ,313891,A->C,missense,1.0
m2,thrA,301,indel;A;G;+T;-1;T;-2,indel,1.0
m2,thrA,2098,A->G,missense,1.0
m2,thrB,2942,A->G,missense,1.0
m2,dnaK,12074,T->A,noncoding,1.0
m2,dnaJ,14866,C->T,missense,1.0
m2,mokC,16990,A->G,noncoding,1.0
m2,nhaA,18152,indel;A;+A;+G;G;+2;-1;T;+GG;+T,indel,1.0
m2,ileS,27422,C->T,synonymous,1.0
m2,rihC,31719,A->G,missense,1.0
m2,dapB,32371,indel;-1;+T,indel,1.0
m2,carB,38095,G->A,missense,1.0
m2,intergenic,38182,indel;A;T+TT;+TT;-2;-1;T;-3;+T,indel,1.0
m2,caiA,43770,G->A,synonymous,1.0
m2,fixC,48723,C->T,nonsense,1.0
m2,kefC,53052,G->A,synonymous,1.0
m2,ksgA,55948,A->G,synonymous,1.0
m2,polB,66804,T->C,missense,1.0
m2,araD,68661,A->G,missense,1.0
m2,araB,71161,C->T,synonymous,1.0
m2,leuC,83144,C->T,synonymous,1.0
m2,leuC,83320,C->T,missense,1.0
m2,yabB,92773,A->G,synonymous,1.0
m2,ftsI,94365,C->T,missense,1.0
m2,murF,97899,C->T,missense,1.0
m2,murD,100745,A->G,synonymous,1.0
m2,ftsZ,108091,A->G,noncoding,1.0
m2,ftsZ,108901,A->G,missense,1.0
m2,lpxC,110113,T->A,synonymous,1.0
m2,secA,111276,C->T,missense,1.0
m2,mutT,114113,G->A,missense,1.0
m3,metL,4110239,MOB_4110239_4110241_IS150_-1,sv,1.001
m3,alsA,4289277,MOB_4289277_4289281_IS150_1,sv,1.0
m3,smp,4613019,MOB_4613019_4613020_IS150_1,sv,1.0
m3,intergenic,1776436,MOB_1776436_1776437_IS150_1,sv,1.0
m3,mokB,1462320,MOB_1462320_1462322_IS150_1,sv,1.0
m3,mokC,16989,MOB_16989_16992_IS150_-1,sv,1.0
m3,thrA,1521,C->T,synonymous,1.0
m3,thrA,1612,A->G,missense,1.0
m3,yaaA,6394,A->G,missense,1.0
m3,talB,9092,A->G,missense,1.0
m3,yaaH,9972,T->G,missense,1.0
m3,yaaH,10563,G->A,noncoding,1.0
m3,ECB_00022,22257,C->T,missense,1.0
m3,intergenic,38971,A->G,noncoding,1.0
m3,intergenic,42306,A->G,noncoding,1.0
m3,caiT,45277,A->G,missense,1.0
m3,ksgA,56613,C->G,missense,1.0
m3,djlA,62118,A->G,missense,1.0
m3,rluA,63013,C->T,synonymous,1.0
m3,hepA,64042,G->A,missense,1.0
m3,yabN,78808,C->T,synonymous,1.0
m3,yabN,80113,A->G,noncoding,1.0
m3,setA,81158,A->C,missense,1.0
m3,leuO,87462,A->G,synonymous,1.0
m3,yabB,92876,MOB_92876_92878_IS150_-1,sv,1.0
m3,ftsI,94370,A->G,missense,1.0
m3,murF,98286,C->T,missense,1.0
m3,murF,98404,G->A,synonymous,1.0
m3,ddl,105581,G->A,nonsense,1.0
m3,hofC,117474,C->A,missense,1.0
p1,yfcTU,2397528,MOB_2397528_2397543_IS150_-1,sv,1.001
p1,hokB,1462266,MOB_1462266_1462268_IS150_-1,sv,1.0
p1,ybbN,490481,MOB_490481_490483_IS150_-1,sv,1.0
p1,mokC,16972,MOB_16972_16974_IS150_1,sv,1.0
p1,phoH,1102032,MOB_1102032_1102034_IS150_1,sv,1.0
p1,kduD,2877312,MOB_2877312_2877315_IS150_-1,sv,1.0
p1,ybeB,651703,MOB_651703_651704_IS150_-1,sv,1.0
p1,thrA,2450,G->T,synonymous,1.0
p1,caiT,45662,C->T,missense,1.0
p1,dgt,183262,MOB_183262_183264_IS150_-1,sv,1.0
p1,gmhB,226159,C->A,missense,1.0
p1,dnaQ,239002,A->C,synonymous,1.0
p1,lacZ,336055,MOB_336055_336057_IS150_1,sv,1.0
p1,queA,393720,G->A,missense,1.0
p1,hupB,433668,C->T,missense,1.0
p1,ybbN,490484,G->T,noncoding,1.0
p1,ybbB,502543,MOB_502543_502545_IS150_1,sv,1.0
p1,intergenic,588490,indel;A;+A;+CA;G;+AAA;+AA;+GA;T;+TA,indel,1.0
p1,intergenic,588490,junction_588490_-1_IS150_start,sv,1.0
p1,entF,597567,junction_597567_1_IS150_end,sv,1.0
p1,intergenic,735660,T->A,noncoding,1.0
p1,ECB_00737,796328,indel;-2;-1;T;G;+T,indel,1.0
p1,deoR,875094,G->C,missense,1.0
p1,hcp,929574,MOB_929574_929576_IS150_-1,sv,1.0
p1,infA,943554,A->C,noncoding,1.0
p1,ftsK,950280,T->G,noncoding,1.0
p1,intergenic,962002,G->A,noncoding,1.0
p1,pflB,969836,MOB_969836_969838_IS150_-1,sv,1.0
p1,acpP,1166129,T->C,noncoding,1.0
p1,ycfC,1207861,T->G,missense,1.0
p2,yaaX,5365,MOB_5365_5373_IS1_-1,sv,1.0
p2,ftsA,106948,G->A,missense,1.0
p2,yadF,145547,G->A,noncoding,1.0
p2,fadE,247897,G->T,noncoding,1.0
p2,lon,430917,C->T,noncoding,1.0
p2,ybaL,474965,A->C,nonsense,1.0
p2,sucB,743469,G->A,missense,1.0
p2,hcp,930552,A->G,noncoding,1.0
p2,ybjD,934361,G->A,missense,1.0
p2,lrp,949821,T->G,missense,1.0
p2,rpsA,979486,T->G,missense,1.0
p2,ycbB,998325,MOB_998325_998330_IS186_-1,sv,1.0
p2,appC,1055618,indel;+11;+5;+ACCTGC,indel,1.0
p2,torA,1075802,indel;+7;+GATTGCCG,indel,1.0
p2,flgB,1145690,indel;C;-1,indel,1.0
p2,rnb,1345569,indel;+8;+ATATCGACA,indel,1.0
p2,hokB,1462251,MOB_1462251_1462253_IS150_1,sv,1.0
p2,ECB_01540,1624007,indel;A;+A;G;T+A;+AA;-1,indel,1.0
p2,intergenic,1629261,MOB_1629261_1629269_IS1_1,sv,1.0
p2,speG,1633387,indel;-6,indel,1.0
p2,pykF,1734106,G->C,missense,1.0
p2,ydiQ,1756846,C->T,noncoding,1.0
p2,yeeF,2016830,C->A,nonsense,1.0
p2,yeeF,2017351,G->A,missense,1.0
p2,wzy,2037724,junction_2037724_-1_IS1_start,sv,1.0
p2,intergenic,2100307,junction_2100307_-1_2122454_1,sv,1.0
p2,fruA,2211829,T->G,missense,1.0
p2,yejF,2229015,T->C,missense,1.0
p2,menC,2322340,MOB_2322340_2322345_IS186_-1,sv,1.0
p2,intergenic,2348815,A->C,noncoding,1.0
p4,aroG,766774,MOB_766774_766776_IS150_1,sv,1.0
p4,thrA,1335,C->T,missense,1.0
p4,hepA,66160,indel;C;-1;T;G,indel,1.0
p4,yabB,92759,G->T,missense,1.0
p4,yadF,145483,C->T,noncoding,1.0
p4,yadG,145956,T->A,missense,1.0
p4,yadH,146763,indel;+AGT,indel,1.0
p4,mhpR,340312,C->T,missense,1.0
p4,phoR,387282,A->G,missense,1.0
p4,thiI,410967,A->T,missense,1.0
p4,cyoB,420328,A->C,synonymous,1.0
p4,intergenic,422575,A->G,noncoding,1.0
p4,ybaE,437918,C->T,missense,1.0
p4,appY,559507,junction_559507_1_IS1_start,sv,1.0
p4,farR,746820,A->G,noncoding,1.0
p4,intergenic,751671,MOB_751671_751679_IS1_1,sv,1.0
p4,ybhP,817217,indel;+C;A;+A;+G;G;C,indel,1.0
p4,pflB,970655,MOB_970655_970667_IS4_-1,sv,1.0
p4,intergenic,1004506,G->A,noncoding,1.0
p4,yceK,1128109,MOB_1128109_1128121_IS4_-1,sv,1.0
p4,intergenic,1349557,C->T,noncoding,1.0
p4,sapF,1350714,G->A,missense,1.0
p4,mppA,1392286,T->G,missense,1.0
p4,intR,1410391,T->A,synonymous,1.0
p4,pykF,1733446,indel;-1,indel,1.0
p4,intergenic,1741776,C->T,noncoding,1.0
p4,infC,1777404,G->A,missense,1.0
p4,cheR,1947870,G->A,synonymous,1.0
p4,cpsG,2054924,G->A,synonymous,1.0
p4,cpsG,2054942,T->G,missense,1.0
p5,rbsD,3895280,junction_3895280_1_IS150_end,sv,1.001
p5,thrA,1266,A->G,missense,1.0
p5,mokC,17045,MOB_17045_17047_IS150_1,sv,1.0
p5,ldcC,212865,T->C,synonymous,1.0
p5,aroG,766774,MOB_766774_766776_IS150_1,sv,1.0
p5,rne,1158528,C->T,missense,1.0
p5,fabF,1167343,G->A,missense,1.0
p5,trpC,1317194,G->A,synonymous,1.0
p5,intergenic,1391477,A->T,noncoding,1.0
p5,pykF,1733433,G->T,missense,1.0
p5,pykF,1733865,G->T,missense,1.0
p5,yoeD,2009188,G->T,noncoding,1.0
p5,galF,2047545,MOB_2047545_2047553_IS1_-1,sv,1.0
p5,cirA,2196654,MOB_2196654_2196656_IS150_-1,sv,1.0
p5,ccmA,2247369,MOB_2247369_2247375_IS186_-1,sv,1.0
p5,napA,2251393,G->A,synonymous,1.0
p5,dedD,2375267,T->G,missense,1.0
p5,ECB_02364,2513745,G->A,nonsense,1.0
p5,ascF,2734827,MOB_2734827_2734829_IS150_1,sv,1.0
p5,intergenic,3080114,MOB_3080114_3080116_IS150_-1,sv,1.0
p5,nlpI,3244196,indel;-26,indel,1.0
p5,nlp,3270281,junction_3270281_-1_IS150_start,sv,1.0
p5,intergenic,3270443,MOB_3270443_3270446_IS150_-1,sv,1.0
p5,mreB,3328402,G->A,missense,1.0
p5,yhdG,3339113,G->A,missense,1.0
p5,rplF,3373799,A->G,missense,1.0
p5,rpsC,3377549,T->G,missense,1.0
p5,malT,3484254,C->T,missense,1.0
p5,yhhT,3542568,MOB_3542568_3542569_IS150_1,sv,1.0
p5,intergenic,3911965,indel;C;-1;T;G;+T,indel,1.0
