population,generation,mean_fitness,sd_fitness,se_fitness,n
Ara + 1,0,0.94170028075,0.0626915844892182,0.0313457922446091,4
Ara + 1,500,1.109637274,0.024380675533999547,0.01723974100000003,2
Ara + 1,1000,1.2959041375,0.06691359743517632,0.047315058499999944,2
Ara + 1,1500,1.223509801,0.1515979691498953,0.10719595199999998,2
Ara + 1,2000,1.240105089,0.009076556993598967,0.006418095000000012,2
Ara + 1,2500,1.353182712,0.037045093749552595,0.026194837000000023,2
Ara + 1,3000,1.3184129085,0.08859338386612513,0.06264498249999995,2
Ara + 1,3500,1.2784845075,0.06758042175725232,0.047786574500000005,2
Ara + 1,4000,1.2595518315,0.07513340829634046,0.053127342499999945,2
Ara + 1,4500,1.3446944645,0.07144209028123107,0.050517186500000026,2
Ara + 1,5000,1.216703361,0.025495121075983534,0.018027773000000025,2
Ara + 1,6000,1.3709775485,0.019692432416832537,0.013924652500000079,2
Ara + 1,7000,1.315097639,0.10676218784569085,0.075492267,2
Ara + 1,8000,1.353564526,0.025335187664214862,0.017914683000000094,2
Ara + 1,9000,1.4132797165,0.052397027557603726,0.0370502935,2
Ara + 1,10000,1.283385096,0.19369015917253324,0.136959625,2
Ara + 1,11000,1.3638488325,0.11015335670985625,0.07789018550000004,2
Ara + 1,12000,1.357493248,0.004431359001736658,0.0031334440000000403,2
Ara + 1,13000,1.424380017,0.024934915728588535,0.017631648000000055,2
Ara + 1,14000,1.3867409725,0.17453614472895387,0.12341569149999997,2
Ara + 1,15000,1.4927625425,0.044470586814672426,0.031445453499999935,2
Ara + 1,16000,1.3963764269999999,0.02948804983175382,0.02085119999999996,2
Ara + 1,17000,1.3294804500000001,0.12047535006954711,0.08518893699999996,2
Ara + 1,18000,1.479177402,0.005095446820569296,0.003603024999999982,2
Ara + 1,19000,1.5815387255,0.11470538631222947,0.08110895650000004,2
Ara + 1,20000,1.50549351,0.09574760531413797,0.06770378100000006,2
Ara + 1,22000,1.4318937455,0.12504530977857084,0.08842038649999993,2
Ara + 1,24000,1.510935168,0.24100469057026508,0.170416051,2
Ara + 1,26000,1.4445432685,0.044230686697019427,0.03127581850000005,2
Ara + 1,28000,1.410634787,0.013120816044829136,0.009277817999999938,2
Ara + 1,30000,1.4327512960000002,0.06794156735335515,0.048041942999999976,2
Ara + 1,32000,1.4991859425,0.05401464604243936,0.038194122499999976,2
Ara + 1,34000,1.3583456205000002,0.17238730096104338,0.12189622950000001,2
Ara + 1,36000,1.501430885,0.009233544598517312,0.006529102000000008,2
Ara + 1,38000,1.6081638335,0.20069204436403426,0.14191070550000004,2
Ara + 1,40000,1.5155634335000001,0.08871565677072792,0.06273144249999996,2
Ara + 1,42000,1.4411356835000002,0.04276252512988242,0.030237671500000007,2
Ara + 1,44000,1.4084089165,0.00675799982002891,0.00477862749999991,2
Ara + 1,46000,1.6393479635000001,0.08439904564322874,0.05967913749999998,2
Ara + 1,48000,1.5288109985,0.12339375723930615,0.08725256250000002,2
Ara + 1,50000,1.4060233635000001,0.008365734366277336,0.005915467500000049,2
Ara + 2,0,0.99613146275,0.009158404295653191,0.004579202147826596,4
Ara + 2,500,1.237445337,0.016155343583087824,0.011423552999999975,2
Ara + 2,1000,1.2455924315,0.09787468787085736,0.06920785549999997,2
Ara + 2,1500,1.2846214575000001,0.03256754865418933,0.023028734500000092,2
Ara + 2,2000,1.383870685,0.2217325221190834,0.15678857,2
Ara + 2,2500,1.4102710705,0.09376535661098177,0.06630211950000008,2
Ara + 2,3000,1.4486164965000001,0.04000941053418685,0.028290925500000008,2
Ara + 2,3500,1.392538697,0.08024206740711633,0.05673971,2
Ara + 2,4000,1.5030121285,0.06062098206450556,0.04286550749999995,2
Ara + 2,4500,1.544760314,0.033040093266813654,0.023362873999999922,2
Ara + 2,5000,1.463605855,0.030379383385283572,0.021481467999999948,2
Ara + 2,6000,1.505294578,0.17332638048575918,0.12256025899999999,2
Ara + 2,7000,1.5926891765,0.1087056899256652,0.07686653050000003,2
Ara + 2,8000,1.6539104205,0.33614324572188387,0.2376891685,2
Ara + 2,9000,1.602565526,0.33821471150183596,0.239153916,2
Ara + 2,10000,1.4858835039999998,0.05874830945658918,0.04154132799999998,2
Ara + 2,11000,1.3733673905,0.1947510986514917,0.13770982250000008,2
Ara + 2,12000,1.5358480664999998,0.07285514984533725,0.05151637050000002,2
Ara + 2,13000,1.462637266,0.258287687035796,0.18263697500000006,2
Ara + 2,14000,1.4480241015,0.1206351738797649,0.08530194950000003,2
Ara + 2,15000,1.413557472,0.12537308983409678,0.08865216200000003,2
Ara + 2,16000,1.54677017,0.09511043563625143,0.06725323400000005,2
Ara + 2,17000,1.6202734305000002,0.286495887028631,0.2025831845,2
Ara + 2,18000,1.8109628389999999,0.4298023510537108,0.3039161569999999,2
Ara + 2,19000,1.3904486665,0.05358680118498739,0.0378915904999999,2
Ara + 2,20000,1.686324334,0.021987769617921767,0.015547701000000023,2
Ara + 2,22000,1.8325554400000001,0.2694408596680345,0.19052345900000012,2
Ara + 2,24000,1.7872694595,0.13695501737021437,0.09684182149999998,2
Ara + 2,26000,1.5588197915,0.09741098138589084,0.06887996549999996,2
Ara + 2,28000,1.7238977924999999,0.04056490230777846,0.02868371749999998,2
Ara + 2,30000,1.6926604969999999,0.2327622664342386,0.16458777700000002,2
Ara + 2,32000,1.7107090885,0.04851981824078811,0.034308692500000015,2
Ara + 2,34000,1.5973969185,0.10776297375077368,0.07619992949999999,2
Ara + 2,36000,1.7414821804999998,0.22072808612879602,0.15607832649999998,2
Ara + 2,38000,2.02890194,0.11719426853882454,0.0828688620000001,2
Ara + 2,40000,1.7153702155000001,0.2305374574777183,0.16301459949999997,2
Ara + 2,42000,1.660266822,0.0929144335028898,0.06570042599999992,2
Ara + 2,44000,1.920122578,0.21749829883108732,0.15379452199999996,2
Ara + 2,46000,1.729001692,0.1788260958094821,0.12644914500000004,2
Ara + 2,48000,1.8698457225,0.22524683787183308,0.15927356650000002,2
Ara + 2,50000,2.105789492,0.42625319827117253,0.30140652700000004,2
Ara + 3,0,0.993965391,0.045265103177275307,0.022632551588637653,4
Ara + 3,500,1.1719217395000001,0.003680178961985357,0.002602279499999915,2
Ara + 3,1000,1.1569168969999999,0.09084965483176767,0.06424040700000011,2
Ara + 3,1500,1.208088399,0.11109891898954204,0.07855879900000007,2
Ara + 3,2000,1.292417307,0.2660430828909987,0.18812086799999994,2
Ara + 3,2500,1.402687238,0.13016259559207718,0.09203885399999999,2
Ara + 3,3000,1.3799439915,0.1516215801524258,0.10721264749999992,2
Ara + 3,3500,1.3130795005,0.08167209682686416,0.057750893499999956,2
Ara + 3,4000,1.3587409975,0.13256926958429152,0.09374062950000005,2
Ara + 3,4500,1.4088588975,0.06902205974902696,0.04880596650000001,2
Ara + 3,5000,1.4275950394999999,0.1264160136464842,0.0893896205000001,2
Ara + 3,6000,1.362472774,0.03995211720724132,0.028250413000000085,2
Ara + 3,7000,1.5096971345,0.0006706094646754833,0.0004741924999999147,2
Ara + 3,8000,1.588461383,0.07116560658003955,0.05032168299999995,2
Ara + 3,9000,1.540501496,0.05877818613230793,0.041562454000000026,2
Ara + 3,10000,1.5245796125000002,0.04618256728524395,0.0326560065,2
Ara + 3,11000,1.6752428445,0.17538108359235643,0.12401315349999997,2
Ara + 3,12000,1.4365809845,0.21087433958671362,0.1491106755,2
Ara + 3,13000,1.5023066589999998,0.002996338115220367,0.00211873100000004,2
Ara + 3,14000,1.58922927,0.15882382546458965,0.112305404,2
Ara + 3,15000,1.6962716974999998,0.18494171881728796,0.13077354350000003,2
Ara + 3,16000,1.5826105799999999,0.1496488929471649,0.105817747,2
Ara + 3,17000,1.639004453,0.07619157450250304,0.053875578999999944,2
Ara + 3,18000,1.562395794,0.19554875399154303,0.13827385000000003,2
Ara + 3,19000,1.7279190015,0.3548453927693339,0.25091358349999987,2
Ara + 3,20000,1.5760364065,0.08000515198718652,0.056572185499999976,2
Ara + 3,22000,1.666318232,0.22288304283482993,0.157602111,2
Ara + 3,24000,1.6261739885,0.19270422675249593,0.13626246549999996,2
Ara + 3,26000,1.7569748395000002,0.5824339300054718,0.4118429815000001,2
Ara + 3,28000,1.7109537005,0.026016034620868354,0.0183961145,2
Ara + 3,30000,1.7901757150000002,0.22898602630892212,0.161917572,2
Ara + 3,32000,1.5495084835,0.23514067878262246,0.16626956850000008,2
Ara + 3,34000,1.7705011935,0.05429217979720084,0.03839036849999999,2
Ara + 3,36000,1.7385685204999999,0.3885992339642234,0.2747811535000001,2
Ara + 3,38000,1.805706899,0.05537997802013573,0.03915955799999992,2
Ara + 3,40000,1.889231393,0.008423586307580064,0.005956375000000014,2
Ara + 3,42000,1.8363715815,0.16714762981295614,0.11819122250000001,2
Ara + 3,44000,1.948393356,0.34947926052317907,0.247119155,2
Ara + 3,46000,1.7010860179999998,0.15526150918221263,0.10978646599999996,2
Ara + 3,48000,1.5956874120000002,0.20526113998857135,0.145141544,2
Ara + 3,50000,1.8039602585,0.2124827218427735,0.15024797350000008,2
Ara + 4,0,0.97792821125,0.021874098475082697,0.010937049237541348,4
Ara + 4,500,1.058140489,0.03427722466376074,0.024237657999999995,2
Ara + 4,1000,1.2140581165,0.02048167672172158,0.014482732499999984,2
Ara + 4,1500,1.2417774905,0.02095700945638432,0.014818843499999955,2
Ara + 4,2000,1.132774185,0.055494014544951356,0.039240194,2
Ara + 4,2500,1.3399136975000001,0.0005648772018984498,0.0003994285000000763,2
Ara + 4,3000,1.3334017955,0.02918824009206478,0.020639202500000065,2
Ara + 4,3500,1.359966665,0.026292630044931133,0.018591696999999963,2
Ara + 4,4000,1.3393310805,0.018797911225933068,0.013292130499999999,2
Ara + 4,4500,1.5516925129999999,0.21567109248209457,0.1525024920000001,2
Ara + 4,5000,1.4319023,0.07364550218655255,0.05207523400000002,2
Ara + 4,6000,1.3218336935,0.1308167351256054,0.0925014005,2
Ara + 4,7000,1.515000223,0.04063867122272584,0.028735880000000043,2
Ara + 4,8000,1.415191614,0.04860636740369848,0.03436989199999996,2
Ara + 4,9000,1.4883655894999999,0.1770835916604872,0.12521700850000006,2
Ara + 4,10000,1.5438295225,0.06582862693225942,0.046547868500000034,2
Ara + 4,11000,1.4628710685000001,0.09964024440802573,0.07045629249999996,2
Ara + 4,12000,1.4153977515,0.013101511322596094,0.00926416750000003,2
Ara + 4,13000,1.4169186885,0.008493362897640725,0.006005714499999981,2
Ara + 4,14000,1.4621952005,0.1031008942916173,0.0729033415,2
Ara + 4,15000,1.5989384690000001,0.2000656446295319,0.141467774,2
Ara + 4,16000,1.541385826,0.021414839176892405,0.015142577999999962,2
Ara + 4,17000,1.547891599,0.03709083790144114,0.02622718300000004,2
Ara + 4,18000,1.6402479725,0.07188363179703444,0.05082940349999998,2
Ara + 4,19000,1.7060691874999998,0.18175133645917438,0.1285176025,2
Ara + 4,20000,1.6253701575,0.10709460935012832,0.07572732449999997,2
Ara + 4,22000,1.5141336425,0.1675648836250393,0.11848626549999995,2
Ara + 4,24000,1.4809729919999999,0.05766456790525793,0.04077500700000003,2
Ara + 4,26000,1.5520920935,0.15793937559557483,0.11168000350000007,2
Ara + 4,28000,1.6546372489999999,0.15181853555393718,0.10735191599999994,2
Ara + 4,30000,1.7555148645,0.12167589646874231,0.08603785149999997,2
Ara + 4,32000,1.8274743034999998,0.2750672142807337,0.19450189249999994,2
Ara + 4,34000,1.7099022915000002,0.10572105301345995,0.0747560735,2
Ara + 4,36000,1.7069998155000001,0.1541343986506708,0.10898947849999996,2
Ara + 4,38000,1.657807827,0.24485349399346681,0.17313756599999996,2
Ara + 4,40000,1.6648468735,0.3480846472536737,0.24613301450000002,2
Ara + 4,42000,1.65172732,0.02048087556973862,0.014482166000000072,2
Ara + 4,44000,1.9067074720000001,0.13838851019897663,0.09785545400000006,2
Ara + 4,46000,1.4723812485,0.06504524171415907,0.04599393149999997,2
Ara + 4,48000,1.6083495775,0.06794091752222332,0.04804148350000004,2
Ara + 4,50000,1.6756031985000002,0.07760047698584267,0.054871823499999965,2
Ara + 5,0,0.9929294355,0.02307931038424428,0.01153965519212214,4
Ara + 5,500,1.123304761,0.004599312418617603,0.0032522050000000076,2
Ara + 5,1000,1.225075938,0.08466733963368044,0.059868849999999973,2
Ara + 5,1500,1.3060745215,0.1632988843725104,0.11546974850000002,2
Ara + 5,2000,1.3130735654999999,0.002092366442190311,0.001479526499999939,2
Ara + 5,2500,1.4145679935,0.18788055076642146,0.1328516115,2
Ara + 5,3000,1.4415415894999999,0.06591156490083827,0.04660651449999997,2
Ara + 5,3500,1.4030351859999999,0.021922486691455557,0.015501539000000064,2
Ara + 5,4000,1.4180389475,0.018940106156989083,0.01339267750000006,2
Ara + 5,4500,1.3362293159999998,0.015222789946855572,0.010764137999999977,2
Ara + 5,5000,1.4691331294999999,0.02593556728338297,0.01833921550000006,2
Ara + 5,6000,1.510378314,0.14402046156184897,0.10183784499999991,2
Ara + 5,7000,1.393367716,0.09612300830426976,0.06796923099999996,2
Ara + 5,8000,1.5866393804999999,0.14772268528484478,0.10445571249999995,2
Ara + 5,9000,1.451751289,0.013294345705786605,0.009400521999999967,2
Ara + 5,10000,1.5160786910000001,0.1417168688890895,0.10020895900000004,2
Ara + 5,11000,1.4762764195,0.11640028308296725,0.0823074294999999,2
Ara + 5,12000,1.5101260335,0.13037927078750228,0.09219206649999999,2
Ara + 5,13000,1.5384450484999999,0.04464922461501733,0.03157176950000007,2
Ara + 5,14000,1.600038074,0.1347857502371429,0.09530791800000005,2
Ara + 5,15000,1.5945175455,0.08759778176085513,0.06194098549999993,2
Ara + 5,16000,1.5378965205,0.05472294924829967,0.03869496849999998,2
Ara + 5,17000,1.649926929,0.2238977071247072,0.158319587,2
Ara + 5,18000,1.5277284815,0.019873079814649253,0.014052389499999983,2
Ara + 5,19000,1.5702063155000001,0.02934158609706001,0.020747634500000056,2
Ara + 5,20000,1.4780435655,0.07779036202664898,0.05500609249999999,2
Ara + 5,22000,1.7052371545,0.08121532423099412,0.05742790650000006,2
Ara + 5,24000,1.682523067,0.1997444979427204,0.14124068899999997,2
Ara + 5,26000,1.8320011809999999,0.19908064346912555,0.14077127300000003,2
Ara + 5,28000,1.593343119,0.01645679310340261,0.011636709999999993,2
Ara + 5,30000,1.653175304,0.008623343973265238,0.006097624999999995,2
Ara + 5,32000,1.600757926,0.0,0.0,1
Ara + 5,34000,1.7978333924999998,0.054040941929418176,0.038212716500000014,2
Ara + 5,36000,1.5886667650000001,0.22048472472344893,0.15590624399999997,2
Ara + 5,38000,1.6910349875000001,0.0790980513666499,0.0559307685,2
Ara + 5,40000,1.59848944,0.13526273760167362,0.09564519900000001,2
Ara + 5,42000,1.6396072469999998,0.311325707597652,0.22014051899999998,2
Ara + 5,44000,1.5376621945,0.20961926889072788,0.14822320649999998,2
Ara + 5,46000,1.475444561,0.03346719849057238,0.023664882999999914,2
Ara + 5,48000,1.763375699,0.28759325806316954,0.2033591429999999,2
Ara + 5,50000,1.65764556,0.0408579450355717,0.02889092999999998,2
Ara + 6,0,0.9611972547500001,0.057896939018672815,0.028948469509336407,4
Ara + 6,500,1.16372998,0.0344622698254927,0.01723113491274635,4
Ara + 6,1000,1.16989389375,0.031441888003008116,0.015720944001504058,4
Ara + 6,1500,1.1946637095000001,0.05892579863220359,0.029462899316101795,4
Ara + 6,2000,1.2194467582500002,0.0767298938258544,0.0383649469129272,4
Ara + 6,2500,1.325770423,0.08840384111553884,0.04420192055776942,4
Ara + 6,3000,1.257205219,0.1321798280433549,0.06608991402167745,4
Ara + 6,3500,1.28960703575,0.06717821203019227,0.03358910601509613,4
Ara + 6,4000,1.35805879725,0.09311660299667454,0.04655830149833727,4
Ara - 1,0,0.9991128035,0.0739717979809745,0.03698589899048725,4
Ara - 1,500,1.061012765,0.07286181715517698,0.05152108499999996,2
Ara - 1,1000,1.087963504,0.1269167209079896,0.08974367399999993,2
Ara - 1,1500,1.130966925,0.10240922011593016,0.07241425400000001,2
Ara - 1,2000,1.262659378,0.0,0.0,1
Ara - 1,2500,1.359457018,0.0,0.0,1
Ara - 1,3000,1.211697985,0.0,0.0,1
Ara - 1,3500,1.261849015,0.0,0.0,1
Ara - 1,4000,1.3440792575,0.18735888415281454,0.13248273749999992,2
Ara - 1,4500,1.3149513165,0.1065505543216156,0.07534261949999999,2
Ara - 1,5000,1.32286542,0.04598725095725133,0.03251789699999996,2
Ara - 1,6000,1.3607897355,0.11934715200777579,0.08439118049999994,2
Ara - 1,7000,1.295004617,0.0333496349171324,0.023581752999999983,2
Ara - 1,8000,1.4828498935,0.017431973257725164,0.012326266500000014,2
Ara - 1,9000,1.4937763595,0.15789210267882542,0.1116465765000001,2
Ara - 1,10000,1.3351990155000002,0.019926347582689588,0.014090055499999976,2
Ara - 1,11000,1.371255915,0.08017538158079619,0.056692556000000005,2
Ara - 1,12000,1.4189090405,0.08269708487574666,0.05847566949999994,2
Ara - 1,13000,1.4176209755,0.032777412289991,0.02317713049999992,2
Ara - 1,14000,1.323736333,0.01826437723921752,0.01291486499999994,2
Ara - 1,15000,1.447585308,0.03138797787055119,0.022194652000000037,2
Ara - 1,16000,1.3708110585,0.15638048939998447,0.11057770450000003,2
Ara - 1,17000,1.4318599695,0.14182477409100527,0.10028525949999999,2
Ara - 1,18000,1.558885599,0.007545489792994066,0.005335466999999983,2
Ara - 1,19000,1.447749735,0.06942740941844881,0.04909259199999993,2
Ara - 1,20000,1.4327449455,0.004060207844679935,0.0028710004999999983,2
Ara - 1,22000,1.5220799999999999,0.07955242333499796,0.056252057999999994,2
Ara - 1,24000,1.5837119375,0.2550692261745082,0.18036117949999997,2
Ara - 1,26000,1.492857939,0.12577251748422622,0.08893459999999996,2
Ara - 1,28000,1.6435360895,0.23844207690538213,0.16860400949999996,2
Ara - 1,30000,1.432113145,0.039837346705586696,0.02816925799999992,2
Ara - 1,32000,1.7779402414999999,0.34488945939787513,0.24387367549999994,2
Ara - 1,34000,1.7004738709999998,0.20426058106476522,0.14443404199999998,2
Ara - 1,36000,1.8428594815,0.3415403683369378,0.2415055104999999,2
Ara - 1,38000,1.781105355,0.13631802800455717,0.09639140200000006,2
Ara - 1,40000,1.72356208,0.1923790417788572,0.13603252500000004,2
Ara - 1,42000,1.661639201,0.017679328402172317,0.012501172999999975,2
Ara - 1,44000,1.553521172,0.07542898953747827,0.053336350000000025,2
Ara - 1,46000,1.6811035065,0.14932633275389784,0.10558966250000001,2
Ara - 1,48000,1.765015466,0.1700992455455867,0.12027832999999999,2
Ara - 1,50000,1.594220371,0.25123729078357165,0.177651592,2
Ara - 2,0,0.9790592284999999,0.051373370166676056,0.025686685083338028,4
Ara - 2,500,1.1142700785000001,0.11626757893912855,0.0822135935,2
Ara - 2,1000,1.194667893,0.05517134616434675,0.039012033,2
Ara - 2,1500,1.2623351425,0.01647185942758945,0.011647363500000061,2
Ara - 2,2000,1.2280104084999999,0.01651756115307091,0.011679679499999929,2
Ara - 2,2500,1.2518830875,0.16051825766617236,0.1135035485,2
Ara - 2,3000,1.3064904635,0.023092503048266145,0.016328865500000008,2
Ara - 2,3500,1.4233955539999998,0.01689343436921246,0.011945462000000016,2
Ara - 2,4000,1.3798112325,0.03619740636209151,0.025595431499999984,2
Ara - 2,4500,1.329956298,0.05172931440230387,0.036578149000000004,2
Ara - 2,5000,1.37191535,0.008074477790213423,0.00570951800000008,2
Ara - 2,6000,1.3204131595,0.06397379674975266,0.04523630550000002,2
Ara - 2,7000,1.3860129015,0.0767403706819837,0.05426363649999999,2
Ara - 2,8000,1.3555465925,0.17535443415198712,0.12399430950000001,2
Ara - 2,9000,1.520489377,0.14606496748155476,0.10328352899999992,2
Ara - 2,10000,1.496917997,0.09940313241241082,0.07028862899999998,2
Ara - 2,11000,1.4711019435,0.0377822476191922,0.026716083500000095,2
Ara - 2,12000,1.4911610525,0.12231210165297927,0.08648771649999996,2
Ara - 2,13000,1.489068292,0.07722417526299191,0.054605738000000015,2
Ara - 2,14000,1.5239690495,0.30641984812593415,0.21667155250000003,2
Ara - 2,15000,1.5512384305,0.04659661648939481,0.03294878349999997,2
Ara - 2,16000,1.526507889,0.08112523104889635,0.05736420100000006,2
Ara - 2,17000,1.540223513,0.09820856884369138,0.06944394500000006,2
Ara - 2,18000,1.73849261,0.2035706923337007,0.14394621700000007,2
Ara - 2,19000,1.667425699,0.008143123716530993,0.005758058000000066,2
Ara - 2,20000,1.679822888,0.04949173297599518,0.03499594000000006,2
Ara - 2,22000,1.5925981795,0.09499248810382906,0.06716983249999997,2
Ara - 2,24000,1.6229830585,0.16428097366719174,0.11616419049999992,2
Ara - 2,26000,1.675480296,0.09396510791270586,0.06644336500000002,2
Ara - 2,28000,1.561479323,0.09323109289006797,0.06592433799999997,2
Ara - 2,30000,1.8693246755,0.02958187795186986,0.020917546499999995,2
Ara - 3,0,1.00761007325,0.08022813239056605,0.04011406619528302,4
Ara - 3,500,1.133742994,0.06705175832204568,0.04741275300000002,2
Ara - 3,1000,1.104394493,0.03434735127167816,0.02428724500000001,2
Ara - 3,1500,1.2335675215,0.013710891703981954,0.009695064500000017,2
Ara - 3,2000,1.2355677250000001,0.1190755402723067,0.08419912199999989,2
Ara - 3,2500,1.2474137609999998,0.059239518152703174,0.04188866499999999,2
Ara - 3,3000,1.2426399395,0.037345699691477344,0.026407397499999985,2
Ara - 3,3500,1.4241614280000001,0.1355945418018912,0.09587982000000005,2
Ara - 3,4000,1.2421893735,0.022004033780995816,0.015559201500000007,2
Ara - 3,4500,1.352771112,0.2340062836370207,0.16546742999999997,2
Ara - 3,5000,1.2810573879999998,0.08164282331322989,0.057730194000000006,2
Ara - 3,6000,1.3526950945,0.03295613635736312,0.023303507499999987,2
Ara - 3,7000,1.369908342,0.007273847651933387,0.005143386999999944,2
Ara - 3,8000,1.395487815,0.12104206221354274,0.08558966300000004,2
Ara - 3,9000,1.3509685995,0.24741584885726792,0.17494942450000003,2
Ara - 3,10000,1.5648191145,0.006821906716699068,0.004823816499999967,2
Ara - 3,11000,1.3390019734999998,0.14085395042156157,0.09959878349999994,2
Ara - 3,12000,1.524911009,0.003891181746811886,0.0027514809999999996,2
Ara - 3,13000,1.3699515789999999,0.12548939334325282,0.08873440100000006,2
Ara - 3,14000,1.4997262299999998,0.11358117633270398,0.08031401999999999,2
Ara - 3,15000,1.502245264,0.08143765769488223,0.057585120000000045,2
Ara - 3,16000,1.584112589,0.07483277265593097,0.05291476100000003,2
Ara - 3,17000,1.4419767220000002,0.00021336522858230917,0.0001508719999999686,2
Ara - 3,18000,1.621600456,0.22135172814685156,0.1565193079999999,2
Ara - 3,19000,1.4233480995,0.027853409165374793,0.01969533450000005,2
Ara - 3,20000,1.6036460395,0.05419534859458518,0.03832189850000001,2
Ara - 3,22000,1.4288116815,0.0009811028807217947,0.0006937445000000375,2
Ara - 3,24000,1.50141789,0.08038726612777865,0.056842380999999935,2
Ara - 3,26000,1.4907704494999998,0.3060024316792912,0.2163763945,2
Ara - 3,28000,1.4770214465,0.11711277660361291,0.08281123849999993,2
Ara - 3,30000,1.4517622795,0.10316824904095251,0.07295096850000005,2
Ara - 3,32000,1.6019223230000001,0.10314831357947044,0.07293687199999999,2
Ara - 4,0,0.94785971025,0.0177888829601338,0.0088944414800669,4
Ara - 4,500,1.058755547,0.02074825102848155,0.014671229000000062,2
Ara - 4,1000,1.0731561195000001,0.012790128366219086,0.009043986499999932,2
Ara - 4,1500,1.1977240944999998,0.036009536575611595,0.025462587499999967,2
Ara - 4,2000,1.2524265055,0.031293479413206704,0.02212783150000008,2
Ara - 4,2500,1.223954608,0.02935258655725477,0.020755412999999945,2
Ara - 4,3000,1.2787779559999999,0.049788057386359955,0.0352054730000001,2
Ara - 4,3500,1.2894725815,0.06692719085593792,0.04732467049999999,2
Ara - 4,4000,1.3759769335,0.1788103534912124,0.12643801349999995,2
Ara - 4,4500,1.1972876465,0.007021078897969492,0.0049646525,2
Ara - 4,5000,1.335587564,0.08916985054816712,0.06305260599999994,2
Ara - 4,6000,1.3174737265,0.01962000346923553,0.01387343750000003,2
Ara - 4,7000,1.4956861075,0.08198916350754822,0.057975093499999956,2
Ara - 4,8000,1.3989516430000002,0.24526230919322345,0.173426642,2
Ara - 4,9000,1.5238384535,0.017495388008075406,0.012371107499999923,2
Ara - 4,10000,1.6491206385,0.11208750730264926,0.07925783649999996,2
Ara - 4,11000,1.550404681,0.08545653444109494,0.06042689499999998,2
Ara - 4,12000,1.4102349914999999,0.02354263449724748,0.016647156500000038,2
Ara - 4,13000,1.506268244,0.05355114249711904,0.03786637599999998,2
Ara - 4,14000,1.4931910165,0.05483348559454835,0.0387731295,2
Ara - 4,15000,1.591915325,0.00600692867472213,0.004247539999999939,2
Ara - 4,16000,1.8558700435,0.41258211809318474,0.2917396134999999,2
Ara - 4,17000,1.570690099,0.10162070271681203,0.071856688,2
Ara - 4,18000,1.8495660175,0.5056726169419495,0.3575645365,2
Ara - 4,19000,1.595788145,0.3005896402850729,0.21254897300000006,2
Ara - 4,20000,1.729339359,0.08491894095434871,0.060046759,2
Ara - 4,22000,1.465359108,0.011482550041983047,0.008119389000000088,2
Ara - 4,24000,1.5095359335,0.029371862995216737,0.020769043499999973,2
Ara - 4,26000,1.812178357,0.22654764352731907,0.16019337499999997,2
Ara - 4,28000,1.5057402905,0.02015901541218489,0.014254576500000058,2
Ara - 4,30000,1.5144286359999999,0.10093798404850853,0.07137393299999993,2
Ara - 4,32000,1.725128606,0.23688628571617304,0.16750389899999993,2
Ara - 4,34000,1.738952528,0.08920627220425255,0.06307836,2
Ara - 4,36000,1.5575436704999999,0.01398925843053167,0.009891899500000023,2
Ara - 4,38000,1.7417353869999999,0.021777823957733283,0.01539924700000006,2
Ara - 4,40000,2.0213282274999997,0.07126056607100535,0.05038882949999989,2
Ara - 4,42000,1.514184286,0.11586741943348047,0.081930638,2
Ara - 4,44000,1.695453715,0.04054085289904345,0.028666711999999928,2
Ara - 4,46000,1.6776693735000001,0.04247957493717699,0.030037595499999955,2
Ara - 4,48000,1.9327931765000002,0.018451724473786242,0.01304733950000003,2
Ara - 4,50000,1.8083996275,0.027407691476921618,0.019380164500000015,2
Ara - 5,0,0.9906193775555556,0.04375246554845443,0.014584155182818144,9
Ara - 5,500,1.0774784225,0.040989884796980125,0.028984225500000016,2
Ara - 5,1000,1.129097803,0.01229700411783495,0.008695294999999992,2
Ara - 5,1500,1.244881091,0.031159504598481956,0.022033097,2
Ara - 5,2000,1.225086578,0.07705026235015904,0.05448276299999998,2
Ara - 5,2500,1.320768378,0.06431216360800636,0.045475566999999995,2
Ara - 5,3000,1.2653688170000001,0.01305433810790276,0.009230811000000005,2
Ara - 5,3500,1.2684655249999999,0.04412754739480876,0.03120288800000004,2
Ara - 5,4000,1.3602519415,0.03764345104332655,0.02661793950000002,2
Ara - 5,4500,1.3601295875,0.048330114219317696,0.03417455149999993,2
Ara - 5,5000,1.3145005495,0.01664705220369618,0.011771243500000028,2
Ara - 5,6000,1.261997358,0.07003845574341114,0.04952466699999991,2
Ara - 5,7000,1.3740731044999999,0.14433273617987705,0.1020586565,2
Ara - 5,8000,1.366961985,0.02963330512095877,0.02095391099999999,2
Ara - 5,9000,1.4768380460000001,0.09182084336831019,0.06492714099999997,2
Ara - 5,10000,1.3104768465,0.13057037912303998,0.09232720049999998,2
Ara - 5,11000,1.427149527,0.00493037274250124,0.0034862999999999422,2
Ara - 5,12000,1.4127532125,0.05498872664571725,0.03888290150000006,2
Ara - 5,13000,1.4566626784999999,0.09434825160077133,0.06671428849999994,2
Ara - 5,14000,1.4297970355,0.021876727690324477,0.015469182499999954,2
Ara - 5,15000,1.4996383245,0.08574693824638084,0.06063224150000002,2
Ara - 5,16000,1.3687312265,0.015745935120741978,0.01113405750000007,2
Ara - 5,17000,1.4302502295,0.01843047732922503,0.013032315499999947,2
Ara - 5,18000,1.5348859755,0.1636753352948921,0.11573593950000005,2
Ara - 5,19000,1.4606626244999998,0.031607050157964375,0.022349559499999946,2
Ara - 5,20000,1.5061118865,0.030505382035516497,0.0215705625,2
Ara - 5,22000,1.4328360685,0.033089570235400254,0.023397859500000062,2
Ara - 5,24000,1.4545971705,0.028503022508396585,0.020154680500000022,2
Ara - 5,26000,1.4744722590000001,0.13581708951913402,0.09603718500000002,2
Ara - 5,28000,1.563542967,0.012829876959710024,0.009072093000000003,2
Ara - 5,30000,1.5163504159999999,0.01128952403285468,0.007982899000000043,2
Ara - 5,32000,1.535833225,0.08286134365969605,0.05859181800000001,2
Ara - 5,34000,1.6532306415,0.0036483874411034575,0.00257979950000009,2
Ara - 5,36000,1.638853182,0.1157148611454395,0.081822763,2
Ara - 5,38000,1.5094534545,0.1388872983726782,0.09820815050000009,2
Ara - 5,40000,1.734927442,0.11119794222317925,0.07862881899999996,2
Ara - 5,42000,1.6757590274999998,0.028530018431088763,0.02017376950000005,2
Ara - 5,44000,1.5134433084999999,0.15114982962071666,0.10687906950000002,2
Ara - 5,46000,1.6492278895,0.14995760516122933,0.10603603950000007,2
Ara - 5,48000,1.636441046,0.2523567369847122,0.17844316000000002,2
Ara - 5,50000,1.6558767775,0.08339292037484121,0.05896769950000002,2
Ara - 6,0,0.9880658485,0.04822778248253452,0.02411389124126726,4
Ara - 6,500,1.0856697025,0.11985868860963539,0.08475289149999998,2
Ara - 6,1000,1.1721910975,0.024695341587161464,0.017462243500000026,2
Ara - 6,1500,1.3142526705000002,0.09461909046852852,0.06690580049999995,2
Ara - 6,2000,1.237207417,0.04185733299054817,0.029597604,2
Ara - 6,2500,1.1923608374999999,0.0011426484959515064,0.0008079744999999194,2
Ara - 6,3000,1.2197046125,0.1325952699006357,0.0937590145,2
Ara - 6,3500,1.3870032875,0.06877080349646789,0.04862830149999997,2
Ara - 6,4000,1.3388717675000001,0.10933765105500157,0.07731339450000008,2
Ara - 6,4500,1.1729631755,0.060672911986516045,0.042902227500000056,2
Ara - 6,5000,1.2066365575,0.05123121212218013,0.03622593750000003,2
Ara - 6,6000,1.340229624,0.11174571804757454,0.07901615499999992,2
Ara - 6,7000,1.2321470265,0.04273840854600328,0.030220618500000015,2
Ara - 6,8000,1.321345849,0.19741495445109125,0.139593453,2
Ara - 6,9000,1.4062381465,0.291599242131441,0.20619180149999994,2
Ara - 6,10000,1.4143457275,0.03282065752651501,0.023207709500000062,2
Ara - 6,11000,1.290780334,0.08280571556922015,0.05855248300000004,2
Ara - 6,12000,1.2975396015,0.08750424001898562,0.06187484149999999,2
Ara - 6,13000,1.4804974425,0.2740083105621984,0.19375313449999995,2
Ara - 6,14000,1.4664404389999999,0.18151344381767298,0.12834938699999998,2
Ara - 6,15000,1.3562296825,0.19409259556201658,0.13724419049999992,2
Ara - 6,16000,1.414451883,0.12040593622526523,0.08513985400000001,2
Ara - 6,17000,1.41185061,0.006202957059243443,0.004386153000000003,2
Ara - 6,18000,1.4731891510000001,0.2892313105197679,0.2045174209999999,2
Ara - 6,19000,1.373519118,0.11721553406816186,0.08288389900000002,2
Ara - 6,20000,1.236388638,0.1991967546452369,0.14085337599999992,2
Ara - 6,22000,1.4118675395,0.28958478542150856,0.20476736549999996,2
Ara - 6,24000,1.469220618,0.10586848689865759,0.07486032499999994,2
Ara - 6,26000,1.442051818,0.1537862624051282,0.10874330899999995,2
Ara - 6,28000,1.4810348135,0.3664257469928637,0.2591021305000001,2
Ara - 6,30000,1.4318884355,0.08671632931748587,0.06131770450000007,2
Ara - 6,32000,1.6843668525,0.4054043634243876,0.28666417450000004,2
Ara - 6,34000,1.448261883,0.09542558322913129,0.06747607700000001,2
Ara - 6,36000,1.6071987845,0.23532649795943683,0.1664009625,2
Ara - 6,38000,1.6126255435,0.06438637941443937,0.0455280455,2
Ara - 6,40000,1.723824879,0.35601174065616403,0.2517383160000001,2
Ara - 6,42000,1.5751365924999998,0.23625727534343474,0.16705912150000002,2
Ara - 6,44000,1.651793392,0.14982902839967208,0.10594512199999993,2
Ara - 6,46000,1.60922186,0.2238347661359003,0.1582750810000001,2
Ara - 6,48000,1.5884206980000002,0.3545840015552803,0.250728752,2
Ara - 6,50000,1.4731980610000002,0.13468827556735632,0.09523899300000004,2
