id,dam,sire
id76,NA,NA
id689,NA,NA
id584,NA,NA
id211,NA,NA
id1,NA,NA
id742,NA,NA
id340,NA,NA
id676,NA,NA
id1057,NA,NA
id1010,NA,NA
id181,NA,NA
id1073,NA,NA
id358,NA,NA
id570,NA,NA
id129,NA,NA
id359,NA,NA
id545,NA,NA
id684,NA,NA
id16,NA,NA
id951,NA,NA
id362,NA,NA
id143,NA,NA
id1128,NA,NA
id612,NA,NA
id774,NA,NA
id746,NA,NA
id908,NA,NA
id887,NA,NA
id155,NA,NA
id414,NA,NA
id195,NA,NA
id635,NA,NA
id975,NA,NA
id89,NA,NA
id695,NA,NA
id988,NA,NA
id375,NA,NA
id755,NA,NA
id279,NA,NA
id297,NA,NA
id134,NA,NA
id856,NA,NA
id284,NA,NA
id314,NA,NA
id424,NA,NA
id814,NA,NA
id845,NA,NA
id965,NA,NA
id1002,NA,NA
id1055,NA,NA
id901,NA,NA
id893,NA,NA
id801,NA,NA
id457,NA,NA
id674,NA,NA
id247,NA,NA
id1026,NA,NA
id959,NA,NA
id391,NA,NA
id20,NA,NA
id141,NA,NA
id503,NA,NA
id831,NA,NA
id654,NA,NA
id880,NA,NA
id174,NA,NA
id824,NA,NA
id128,NA,NA
id997,NA,NA
id40,NA,NA
id459,NA,NA
id547,NA,NA
id51,NA,NA
id978,NA,NA
id1109,NA,NA
id629,NA,NA
id7,NA,NA
id950,NA,NA
id86,NA,NA
id881,NA,NA
id237,NA,NA
id327,NA,NA
id288,NA,NA
id41,NA,NA
id542,NA,NA
id524,NA,NA
id837,NA,NA
id974,NA,NA
id1069,NA,NA
id429,NA,NA
id738,NA,NA
id863,NA,NA
id394,NA,NA
id1076,NA,NA
id549,NA,NA
id541,NA,NA
id377,NA,NA
id353,NA,NA
id847,NA,NA
id137,NA,NA
id888,NA,NA
id828,NA,NA
id1108,NA,NA
id82,NA,NA
id246,NA,NA
id112,NA,NA
id285,NA,NA
id406,NA,NA
id1013,NA,NA
id47,NA,NA
id493,NA,NA
id365,NA,NA
id915,NA,NA
id968,NA,NA
id644,NA,NA
id576,NA,NA
id320,NA,NA
id892,NA,NA
id636,NA,NA
id825,NA,NA
id661,NA,NA
id1008,NA,NA
id850,NA,NA
id158,NA,NA
id750,NA,NA
id9,NA,NA
id230,NA,NA
id3,NA,NA
id998,NA,NA
id1106,NA,NA
id771,NA,NA
id986,NA,NA
id421,NA,NA
id430,NA,NA
id178,NA,NA
id255,NA,NA
id439,NA,NA
id871,NA,NA
id705,NA,NA
id727,NA,NA
id216,NA,NA
id307,NA,NA
id646,NA,NA
id653,NA,NA
id946,NA,NA
id201,NA,NA
id248,NA,NA
id490,NA,NA
id105,NA,NA
id1034,NA,NA
id782,NA,NA
id703,NA,NA
id808,NA,NA
id119,NA,NA
id488,NA,NA
id903,NA,NA
id328,NA,NA
id1096,NA,NA
id1035,NA,NA
id78,NA,NA
id768,NA,NA
id133,NA,NA
id953,NA,NA
id95,NA,NA
id442,NA,NA
id292,NA,NA
id289,NA,NA
id1063,NA,NA
id347,NA,NA
id193,NA,NA
id553,NA,NA
id846,NA,NA
id921,NA,NA
id274,NA,NA
id1077,NA,NA
id672,NA,NA
id434,NA,NA
id304,NA,NA
id772,NA,NA
id256,NA,NA
id691,NA,NA
id686,NA,NA
id140,NA,NA
id604,NA,NA
id497,NA,NA
id72,NA,NA
id425,NA,NA
id760,NA,NA
id98,NA,NA
id652,NA,NA
id465,NA,NA
id753,NA,NA
id1100,NA,NA
id227,NA,NA
id207,NA,NA
id1125,NA,NA
id699,NA,NA
id352,NA,NA
id265,NA,NA
id649,NA,NA
id1006,NA,NA
id624,NA,NA
id507,NA,NA
id106,NA,NA
id546,NA,NA
id669,NA,NA
id561,NA,NA
id602,NA,NA
id628,NA,NA
id179,NA,NA
id606,NA,NA
id184,NA,NA
id48,NA,NA
id290,NA,NA
id599,NA,NA
id836,NA,NA
id668,NA,NA
id777,NA,NA
id46,NA,NA
id124,NA,NA
id180,NA,NA
id71,NA,NA
id969,NA,NA
id200,NA,NA
id582,NA,NA
id520,NA,NA
id848,NA,NA
id445,NA,NA
id605,NA,NA
id91,NA,NA
id785,NA,NA
id103,NA,NA
id163,NA,NA
id437,NA,NA
id1050,NA,NA
id258,NA,NA
id1081,NA,NA
id581,NA,NA
id241,NA,NA
id548,NA,NA
id930,NA,NA
id743,NA,NA
id922,NA,NA
id513,NA,NA
id564,NA,NA
id298,NA,NA
id209,NA,NA
id43,NA,NA
id1119,NA,NA
id821,NA,NA
id311,NA,NA
id597,NA,NA
id630,NA,NA
id994,id584,NA
id714,id314,NA
id455,id689,NA
id275,id424,NA
id432,id1,NA
id56,id901,NA
id1007,id211,NA
id127,id542,NA
id970,id547,NA
id914,id76,NA
id483,id542,NA
id383,id901,NA
id956,id391,NA
id717,id112,NA
id267,id629,NA
id719,id288,NA
id373,id51,NA
id767,id576,NA
id1131,id863,NA
id1025,id3,NA
id245,id524,NA
id708,id831,NA
id610,id503,NA
id357,id1108,NA
id1099,id974,NA
id559,id986,NA
id759,id705,NA
id748,id959,NA
id739,id320,NA
id886,id646,NA
id544,id863,NA
id262,id174,NA
id308,id837,NA
id52,id141,NA
id175,id7,NA
id412,id863,NA
id627,id850,NA
id1115,id105,NA
id116,id41,NA
id534,id1,NA
id235,id1034,NA
id957,id968,NA
id805,id825,NA
id945,id847,NA
id580,id871,NA
id251,id661,NA
id34,id1008,NA
id1054,id837,NA
id272,id119,NA
id291,id1,NA
id1024,id1034,NA
id390,id328,NA
id415,id727,NA
id931,id825,NA
id446,id850,NA
id1037,id845,NA
id333,NA,id676
id826,id871,NA
id166,id847,NA
id318,id768,NA
id641,id727,id1057
id1093,id705,NA
id135,id248,NA
id1102,id768,NA
id895,id95,id676
id1036,id193,NA
id773,id1,NA
id569,id442,NA
id1092,id1096,NA
id936,id78,NA
id1113,id347,NA
id659,id493,NA
id30,id174,NA
id306,id646,NA
id728,id1096,NA
id243,id646,NA
id339,id193,NA
id1015,id347,NA
id834,id95,id340
id795,id705,id340
id859,id174,id1010
id806,id493,NA
id592,id193,NA
id196,id921,NA
id280,id304,id676
id317,id493,NA
id419,id95,NA
id858,NA,id1073
id527,id672,NA
id800,id347,NA
id744,id661,id1073
id24,id646,id1010
id803,NA,id358
id84,id553,id358
id1086,id672,NA
id96,NA,id676
id464,id553,NA
id639,id661,NA
id223,id672,NA
id960,id727,id16
id68,id646,id570
id829,id686,id1010
id313,id304,id1073
id185,id686,NA
id634,id553,NA
id608,NA,id684
id894,id95,NA
id731,id661,NA
id322,id95,NA
id319,id672,id143
id754,NA,id359
id467,id727,NA
id902,NA,id951
id697,NA,id359
id512,id672,id746
id787,id646,NA
id138,id95,NA
id60,id727,NA
id692,id652,NA
id525,id95,id98
id1064,id727,id887
id1014,id95,id774
id993,id646,NA
id1045,NA,id774
id537,id686,id414
id687,id672,NA
id909,id624,id155
id381,id686,NA
id302,NA,id375
id495,NA,id279
id204,NA,id279
id250,id624,id975
id1041,id265,id297
id1122,id672,id635
id42,NA,id856
id852,id241,id581
id977,id298,id284
id136,id241,id284
id466,id970,NA
id671,id956,NA
id58,id610,NA
id579,id748,NA
id132,id708,NA
id835,id610,NA
id1052,id357,NA
id350,id945,NA
id253,id559,NA
id472,id1054,id1057
id855,id373,NA
id90,id610,NA
id115,id235,NA
id626,id1115,NA
id44,id945,NA
id1047,id251,NA
id4,id627,NA
id440,id970,NA
id2,id708,id676
id1095,id559,NA
id32,id748,NA
id104,id957,NA
id186,id291,NA
id173,id708,NA
id523,id166,id1057
id25,id748,NA
id778,id957,NA
id1040,id1036,NA
id147,id559,NA
id740,id333,NA
id160,id641,NA
id224,id931,NA
id664,id773,NA
id123,id251,id676
id790,id1092,NA
id751,id641,id358
id1104,id708,NA
id494,id859,NA
id911,id1092,NA
id231,id306,NA
id146,id895,NA
id766,id333,NA
id172,id957,NA
id433,id333,id143
id214,id806,NA
id811,id859,NA
id416,id357,NA
id791,id1092,NA
id149,id1115,id684
id591,id30,NA
id408,id641,NA
id396,id834,id684
id729,id895,id684
id228,id1015,id16
id877,id773,id570
id952,id795,NA
id573,id306,NA
id444,id795,id143
id1083,id280,NA
id234,id895,id181
id942,id1036,NA
id926,id333,NA
id656,id357,NA
id326,id708,id181
id88,id306,NA
id388,id1015,NA
id966,id803,id129
id145,id795,NA
id99,id744,id774
id39,id834,NA
id506,id641,id16
id1129,id280,NA
id14,id1036,NA
id609,id1092,id612
id598,id30,NA
id1121,id859,NA
id117,id859,NA
id1001,id803,NA
id792,id744,NA
id217,id608,NA
id450,id641,NA
id1098,id306,NA
id1101,id280,NA
id923,id895,id951
id226,id223,id746
id367,id1036,NA
id225,id313,id951
id77,id795,NA
id157,id1092,id774
id154,id357,id908
id492,id744,id545
id984,id744,id908
id563,id1036,id887
id505,id322,NA
id539,id803,id414
id489,id313,id774
id152,NA,id858
id454,id641,id858
id736,id319,id858
id309,id280,id774
id33,id754,id1086
id79,id960,id1086
id798,id795,id612
id168,id834,NA
id283,id30,NA
id468,id306,NA
id194,id834,id908
id757,id795,id1086
id702,id223,id858
id1012,id829,id1086
id637,id280,id774
id12,id84,id774
id558,id829,NA
id366,id672,id858
id151,id95,id1086
id784,id803,NA
id73,id313,id858
id1111,id787,id195
id640,id754,id98
id1032,id608,id195
id1079,id223,id635
id130,id96,NA
id370,id795,NA
id470,id895,id362
id666,id641,id908
id441,id1036,id1086
id233,id68,NA
id1009,id319,id98
id1112,id1092,NA
id221,id265,id858
id1074,id223,id858
id954,id902,NA
id762,id138,NA
id205,id834,id24
id1062,id1036,id858
id870,id960,id195
id460,id829,id858
id822,id608,id858
id355,id96,id858
id456,id859,id98
id721,id68,id512
id1048,id265,id858
id786,id96,id635
id992,id902,id512
id199,id223,id755
id516,id319,id975
id397,id84,id975
id572,id803,NA
id948,id1036,id89
id239,id313,id975
id990,id859,id975
id693,id313,id134
id210,id1045,NA
id1133,id68,id512
id999,id641,id134
id405,id322,id975
id409,id960,id297
id562,id223,id134
id874,id902,NA
id794,id803,NA
id19,id319,NA
id1105,id333,id297
id188,id1036,id635
id125,id1092,NA
id420,id96,NA
id197,id641,id695
id334,id313,NA
id638,id859,id635
id363,id754,id975
id222,id960,NA
id220,id902,NA
id710,id68,NA
id963,id223,NA
id932,id313,id512
id823,id223,id512
id11,id754,id512
id1116,id1036,NA
id882,id322,id975
id1088,id68,NA
id271,id313,NA
id531,id319,NA
id443,id223,NA
id910,id204,NA
id244,id754,NA
id411,id902,NA
id1080,id960,id250
id645,id322,NA
id1044,id223,NA
id594,id902,NA
id927,id302,NA
id949,id319,NA
id1085,id322,NA
id448,id754,NA
id861,id835,NA
id533,id835,id676
id1107,id2,NA
id967,id626,NA
id156,id2,id16
id1061,id104,NA
id590,id835,NA
id706,id523,NA
id857,id472,NA
id680,id160,NA
id1132,id778,NA
id1031,id224,id570
id752,id472,NA
id833,id2,NA
id413,id123,NA
id378,id104,NA
id756,id123,NA
id797,id2,id951
id399,id751,NA
id799,id778,NA
id1011,id523,NA
id1091,id472,NA
id449,id224,NA
id402,id416,id612
id423,id2,id858
id677,id778,id143
id840,id231,NA
id807,id751,id143
id715,id123,id612
id723,id160,NA
id987,id523,id545
id925,id433,id774
id601,id104,NA
id1060,id224,id858
id348,id416,id908
id94,id751,id858
id817,id416,NA
id266,id877,id149
id410,id778,NA
id349,id523,NA
id1078,id231,NA
id917,id2,id24
id345,id104,id887
id621,id966,id396
id937,id228,id362
id935,id2,id612
id944,id433,id858
id802,id231,id612
id700,id778,id1086
id1039,id472,id129
id101,id160,id612
id499,id228,id1086
id164,id506,id774
id613,id646,id729
id515,id433,id362
id213,id234,id858
id735,id123,id858
id407,id1092,id149
id812,id960,id444
id508,id2,id195
id501,id228,id774
id989,id322,id149
id725,id234,id326
id1053,id966,id149
id431,id923,NA
id730,id416,id99
id663,id472,id729
id369,id319,id149
id683,id39,id858
id878,id523,id396
id482,id433,id98
id732,id751,id774
id183,id231,id858
id916,id492,id774
id287,id877,id729
id940,id322,id1001
id517,id280,id729
id316,id228,id24
id924,id468,id774
id238,id2,id98
id678,id333,id99
id1103,id123,id195
id53,id95,id149
id81,id234,id1128
id1118,id433,id24
id551,id472,id24
id491,id624,id396
id720,id751,id774
id660,id84,id396
id28,id283,id98
id165,id231,id98
id1022,id68,id99
id617,id754,id99
id554,id966,id774
id1126,id506,NA
id176,id523,id609
id75,id95,id149
id170,id234,id729
id481,id309,id975
id1068,id39,id858
id192,id829,id609
id596,id2,id729
id566,id280,id609
id667,id966,id444
id364,id784,NA
id783,id984,NA
id475,id441,id444
id486,id558,NA
id463,id280,id149
id458,id138,id444
id875,id966,id149
id500,id923,NA
id896,id468,id375
id844,id1079,id297
id259,id744,id396
id775,id523,id512
id45,id231,id444
id793,id472,id375
id1071,id751,NA
id120,id95,id79
id643,id492,NA
id312,id2,NA
id142,id736,id635
id110,id1111,id975
id303,id309,id695
id427,id231,id512
id1094,id492,NA
id711,id441,id512
id474,id984,id975
id745,id68,id757
id885,id558,id975
id122,id366,NA
id161,id637,id525
id85,id12,id975
id779,id456,id1014
id324,id283,id512
id212,id902,id226
id286,id1062,id975
id1029,id205,NA
id498,NA,id194
id899,id902,id194
id734,id624,id757
id97,id231,NA
id690,id1079,NA
id189,id309,NA
id452,id637,NA
id462,id231,NA
id236,id12,NA
id198,id1079,id1032
id80,id188,NA
id941,id1062,NA
id57,id762,NA
id698,id319,id666
id22,id441,id226
id113,id309,NA
id891,id397,NA
id934,id640,NA
id461,id456,NA
id864,id1111,id226
id575,id441,NA
id502,id1111,NA
id171,id12,NA
id338,id562,NA
id707,id1079,NA
id62,id397,NA
id532,id309,NA
id111,id637,NA
id229,id960,id226
id620,id754,id470
id346,id405,NA
id296,id1133,NA
id536,id456,NA
id905,id640,id666
id842,id1079,NA
id242,id562,NA
id995,id468,id226
id962,id405,NA
id647,id902,id470
id1082,id1111,id226
id426,id1048,NA
id631,id637,NA
id583,id640,id1032
id1028,id309,NA
id203,id1111,NA
id1017,id405,NA
id913,id1048,NA
id480,id468,NA
id879,id637,id226
id344,id1079,id856
id568,id640,id250
id1018,id156,id858
id810,id156,id746
id331,id752,id746
id788,id797,id414
id453,id156,id755
id1030,id1031,id1086
id29,id94,NA
id939,id677,id155
id64,id797,NA
id648,id752,id858
id555,id1031,NA
id384,id935,id1086
id655,id715,NA
id838,id601,id908
id722,id423,NA
id273,id156,NA
id169,id700,id609
id69,id752,id24
id657,id601,id396
id737,id313,id807
id278,id677,id729
id585,id672,id807
id1033,id156,id774
id356,id797,id362
id947,id744,id807
id401,id322,id987
id471,id423,id729
id1089,id333,id807
id701,id433,id807
id31,id1031,id858
id776,id935,id1128
id514,id608,id925
id17,id601,id858
id849,id677,id729
id675,id621,id609
id102,id752,id987
id991,id677,NA
id299,id935,id512
id252,id156,NA
id108,id752,NA
id404,id1031,id444
id670,id601,NA
id933,id423,id512
id257,id715,id89
id897,id482,id512
id832,id735,id975
id625,id812,id1128
id530,id499,NA
id765,id283,id987
id623,id410,id297
id118,id94,NA
id15,id551,NA
id148,id917,NA
id332,id966,id925
id619,id39,id266
id1110,id797,NA
id509,id423,id101
id389,id499,id975
id961,id156,id101
id202,id164,id798
id1004,id1031,id225
id996,id601,id975
id781,id53,NA
id985,id700,id89
id815,id517,NA
id392,id935,NA
id21,id1031,id802
id818,id423,id635
id277,id482,NA
id519,id94,id1014
id187,id812,id512
id1124,id621,id617
id385,id663,id802
id1090,id797,id512
id854,id917,id975
id478,id601,id89
id282,id735,NA
id504,id316,NA
id511,id499,NA
id1042,id797,NA
id325,id551,NA
id305,id1103,id975
id904,id410,NA
id428,id601,NA
id343,id1048,id1039
id983,id499,NA
id593,id165,NA
id550,id917,id683
id1043,id94,id798
id890,id468,id989
id938,id940,NA
id398,id482,NA
id830,id667,id666
id249,id156,NA
id1114,id700,id989
id607,id491,NA
id54,id176,id683
id841,id410,id617
id955,id935,id878
id336,id812,NA
id796,id601,id81
id1070,id1103,id988
id268,id797,NA
id436,id316,NA
id66,id621,NA
id208,id164,NA
id920,id1103,NA
id979,id935,NA
id393,id917,NA
id709,id797,NA
id839,id192,NA
id374,id165,NA
id688,id700,NA
id100,id94,id990
id813,id316,NA
id556,id667,NA
id376,id793,NA
id741,id410,NA
id263,id491,id226
id269,id205,id475
id867,NA,id498
id476,id322,id475
id417,id165,id226
id972,id94,NA
id1065,id812,id988
id696,id917,id617
id6,id735,id1032
id1087,id1079,id1022
id971,id441,id989
id770,id562,id989
id144,id1103,id989
id522,id812,NA
id616,id667,id989
id159,id935,id666
id261,id660,id226
id943,id621,NA
id49,id640,id989
id809,id562,id989
id804,id667,id989
id694,id165,id666
id1066,id812,NA
id395,id1111,id989
id342,id621,id226
id681,id1133,id989
id485,id698,id990
id761,id667,id226
id1021,id734,id250
id451,id621,id864
id162,id165,id856
id330,NA,id498
id964,id842,id475
id747,id734,id250
id1059,id405,id498
id827,id562,id498
id63,id698,id864
id820,id842,id498
id435,id698,id498
id182,id698,id583
id93,id842,id284
id662,id698,id864
id543,id842,id284
id447,id842,id284
id578,id698,id879
id538,id241,id879
id1051,id698,id1081
id712,id698,id852
id177,id331,id326
id713,id331,id635
id206,id648,NA
id139,id64,id635
id1023,id810,id297
id386,id331,id512
id673,id96,id69
id27,id947,id609
id55,id940,id788
id270,id648,id1014
id473,id751,id1030
id789,id64,id635
id889,id1111,id453
id1046,id514,NA
id8,id648,NA
id240,id169,NA
id1049,id31,NA
id528,id514,NA
id337,id389,NA
id496,id947,id720
id477,id15,NA
id651,id356,id226
id361,id64,NA
id862,id648,NA
id603,id585,NA
id571,id765,id617
id758,id169,NA
id1016,id648,id1032
id26,id947,NA
id780,id389,id798
id276,id675,NA
id422,id31,NA
id35,id331,NA
id769,id765,NA
id764,id585,NA
id329,id64,id226
id484,id1133,id401
id658,id64,id1032
id218,id31,id989
id114,id585,NA
id600,id648,NA
id83,id356,NA
id868,id765,NA
id281,id1114,id226
id18,id830,id226
id982,id648,id990
id873,id1070,id989
id642,id585,id1043
id300,id64,id226
id70,id648,id226
id872,id830,id475
id1130,id1070,id226
id928,id607,id475
id264,id765,id475
id866,id648,id498
id724,id890,id475
id1020,id165,id1043
id487,id830,id475
id981,id269,NA
id632,id1070,id475
id65,id1114,id475
id526,id1114,id1043
id973,id64,id1043
id469,id765,id770
id980,id698,id49
id1058,id585,id864
id860,id971,id498
id107,id809,id498
id876,id269,id163
id167,id1114,id864
id529,id971,id49
id665,id6,id498
id23,id451,id498
id380,id809,id498
id614,id607,id498
id36,id842,id867
id682,id607,id284
id37,id6,id742
id900,id261,id879
id851,id971,id1050
id321,id485,id284
id1127,id971,id864
id1000,id1070,id1021
id335,id261,id1021
id109,id485,id583
id557,id1070,id583
id260,id964,id581
id518,id607,id583
id190,id809,id284
id929,id485,id284
id552,id971,id284
id843,id964,id1021
id1027,id662,id284
id59,id485,id1081
id521,id809,id284
id1072,id698,id330
id153,id662,id284
id588,id662,id1119
id567,id538,id1081
id215,id1023,NA
id869,id648,id139
id403,id1023,id226
id763,id18,id49
id92,id1070,id982
id611,id281,id49
id1120,id281,id879
id372,id1070,id982
id360,id487,id864
id918,id526,id284
id438,id281,id864
id10,id809,id1130
id589,id964,id928
id906,id526,id864
id884,id281,id864
id254,id487,id879
id341,id487,id583
id294,id526,id167
id191,id971,id1058
id919,id107,id167
id595,id809,id1058
id898,id281,id469
id126,id876,id879
id232,id107,id928
id907,id487,id469
id853,id698,id469
id379,id876,id928
id726,id526,id928
id295,id876,id469
id1038,id487,id1081
id131,id107,id469
id958,id971,id928
id704,id526,id284
id733,id597,id167
id479,id538,id380
id1075,id922,id321
id418,id485,id928
id1005,id107,id167
id1003,id607,id928
id560,id526,id928
id883,id487,id330
id622,id809,id167
id1123,id552,id167
id150,id538,id380
id293,id487,id469
id5,id485,id469
id121,id526,id321
id67,id809,id469
id540,id630,id469
id354,id487,id380
id1019,id485,id380
id400,id922,id1000
id816,id662,id321
id382,id107,id1119
id1117,id521,id1000
id633,id1120,id1021
id13,id372,id879
id50,id1070,id918
id368,id1120,id284
id718,id372,id1021
id565,id372,id1021
id586,id589,id906
id219,id254,id380
id679,id294,id284
id535,id589,id928
id323,id898,id284
id510,id254,id469
id574,id372,id469
id615,id126,id330
id976,id1120,id284
id587,id809,id918
id1084,id298,id918
id87,id1120,id284
id371,id630,id918
id387,id589,id564
id351,id372,id321
id1056,id372,id469
id618,id59,id341
id315,id1038,id284
id685,id922,id595
id61,id1120,id918
id1067,id589,id852
id650,id294,id380
id819,id552,id918
id1097,id487,id232
id310,id298,id232
id38,id733,id380
id301,id13,id330
id577,id13,id284
id865,id50,id284
id749,id13,id469
id74,id586,id1081
id716,id679,id595
id912,id586,id1000
